[INFO][AppLauncher]: Environment variable `LIVESTREAM=2` has implicitly overridden the environment variable `HEADLESS=0` to True.
[INFO][AppLauncher]: Using device: cuda:0
[INFO][AppLauncher]: Loading experience file: /data/howard/isaac/IsaacLab/apps/isaaclab.python.rendering.kit
Loading user config located at: '/data/howard/isaac/envs/isaaclab/lib/python3.11/site-packages/isaacsim/kit/data/Kit/Isaac-Sim/5.1/user.config.json'
[Info] [carb] Logging to file: /data/howard/isaac/envs/isaaclab/lib/python3.11/site-packages/isaacsim/kit/logs/Kit/Isaac-Sim/5.1/kit_20260717_234313.log
2026-07-17T23:43:13Z [219ms] [Warning] [carb.windowing-glfw.plugin] GLFW initialization failed.
2026-07-17T23:43:13Z [219ms] [Warning] [carb] Failed to startup plugin carb.windowing-glfw.plugin (interfaces: [carb::windowing::IGLContext v1.0],[carb::windowing::IWindowing v1.5]) (impl: carb.windowing-glfw.plugin)
2026-07-17T23:43:13Z [283ms] [Warning] [omni.platforminfo.plugin] failed to open the default display.  Can't verify X Server version.
2026-07-17T23:43:13Z [284ms] [Warning] [carb.cudainterop.plugin] CUDA_VISIBLE_DEVICES environment variable is set.
2026-07-17T23:43:13Z [284ms] [Warning] [carb.cudainterop.plugin] Note CUDA device enumeration and Omniverse device enumeration are different.
2026-07-17T23:43:13Z [284ms] [Warning] [carb.cudainterop.plugin] Setting CUDA_VISIBLE_DEVICES can lead to undesired behavior or crashes.
2026-07-17T23:43:14Z [756ms] [Warning] [gpu.foundation.plugin] Skipping NVIDIA GPU due CUDA being in bad state: NVIDIA RTX 6000 Ada Generation
2026-07-17T23:43:14Z [756ms] [Warning] [gpu.foundation.plugin] Please restart your system if CUDA is known to work in your system.
2026-07-17T23:43:14Z [757ms] [Warning] [gpu.foundation.plugin] Skipping NVIDIA GPU due CUDA being in bad state: NVIDIA RTX 6000 Ada Generation
2026-07-17T23:43:14Z [757ms] [Warning] [gpu.foundation.plugin] Please restart your system if CUDA is known to work in your system.
2026-07-17T23:43:14Z [757ms] [Warning] [gpu.foundation.plugin] Skipping NVIDIA GPU due CUDA being in bad state: NVIDIA RTX 6000 Ada Generation
2026-07-17T23:43:14Z [757ms] [Warning] [gpu.foundation.plugin] Please restart your system if CUDA is known to work in your system.
2026-07-17T23:43:14Z [758ms] [Warning] [gpu.foundation.plugin] Skipping NVIDIA GPU due CUDA being in bad state: NVIDIA RTX 6000 Ada Generation
2026-07-17T23:43:14Z [758ms] [Warning] [gpu.foundation.plugin] Please restart your system if CUDA is known to work in your system.
2026-07-17T23:43:14Z [758ms] [Warning] [gpu.foundation.plugin] Skipping NVIDIA GPU due CUDA being in bad state: NVIDIA RTX 6000 Ada Generation
2026-07-17T23:43:14Z [758ms] [Warning] [gpu.foundation.plugin] Please restart your system if CUDA is known to work in your system.
2026-07-17T23:43:14Z [758ms] [Warning] [gpu.foundation.plugin] Skipping NVIDIA GPU due CUDA being in bad state: NVIDIA RTX 6000 Ada Generation
2026-07-17T23:43:14Z [758ms] [Warning] [gpu.foundation.plugin] Please restart your system if CUDA is known to work in your system.

|---------------------------------------------------------------------------------------------|
| Driver Version: 550.90.12     | Graphics API: Vulkan
|=============================================================================================|
| GPU | Name                             | Active | LDA | GPU Memory | Vendor-ID | LUID       |
|     |                                  |        |     |            | Device-ID | UUID       |
|     |                                  |        |     |            | Bus-ID    |            |
|---------------------------------------------------------------------------------------------|
| 0   | NVIDIA RTX 6000 Ada Generation   |        |     | 49386   MB | 10de      | 0          |
|     |                                  |        |     |            | 26b1      | df04a158.. |
|     |                                  |        |     |            | 1         |            |
|---------------------------------------------------------------------------------------------|
| 1   | NVIDIA RTX 6000 Ada Generation   | Yes: 0 |     | 49386   MB | 10de      | 0          |
|     |                                  |        |     |            | 26b1      | 5cfd6483.. |
|     |                                  |        |     |            | 2c        |            |
|---------------------------------------------------------------------------------------------|
| 2   | NVIDIA RTX 6000 Ada Generation   |        |     | 49386   MB | 10de      | 0          |
|     |                                  |        |     |            | 26b1      | bdb0e57d.. |
|     |                                  |        |     |            | 41        |            |
|---------------------------------------------------------------------------------------------|
| 3   | NVIDIA RTX 6000 Ada Generation   |        |     | 49386   MB | 10de      | 0          |
|     |                                  |        |     |            | 26b1      | 21e14e0d.. |
|     |                                  |        |     |            | 61        |            |
|=============================================================================================|
| OS: 22.04.5 LTS (Jammy Jellyfish) ubuntu, Version: 22.04.5, Kernel: 5.15.0-181-generic
| Processor: AMD Ryzen Threadripper PRO 5995WX 64-Cores
| Cores: 64 | Logical Cores: 128
|---------------------------------------------------------------------------------------------|
| Total Memory (MB): 515582 | Free Memory: 296144
| Total Page/Swap (MB): 10239 | Free Page/Swap: 8037
|---------------------------------------------------------------------------------------------|
2026-07-17T23:43:15Z [1,704ms] [Warning] [carb.windowing-glfw.plugin] GLFW initialization failed.
2026-07-17T23:43:15Z [1,704ms] [Warning] [carb] Failed to startup plugin carb.windowing-glfw.plugin (interfaces: [carb::windowing::IGLContext v1.0],[carb::windowing::IWindowing v1.5]) (impl: carb.windowing-glfw.plugin)
2026-07-17T23:43:15Z [1,715ms] [Warning] [carb.windowing-glfw.plugin] GLFW initialization failed.
2026-07-17T23:43:15Z [1,715ms] [Warning] [carb] Failed to startup plugin carb.windowing-glfw.plugin (interfaces: [carb::windowing::IGLContext v1.0],[carb::windowing::IWindowing v1.5]) (impl: carb.windowing-glfw.plugin)
2026-07-17T23:43:15Z [1,721ms] [Warning] [carb.windowing-glfw.plugin] GLFW initialization failed.
2026-07-17T23:43:15Z [1,721ms] [Warning] [carb] Failed to startup plugin carb.windowing-glfw.plugin (interfaces: [carb::windowing::IGLContext v1.0],[carb::windowing::IWindowing v1.5]) (impl: carb.windowing-glfw.plugin)
2026-07-17T23:43:15Z [1,729ms] [Warning] [carb.windowing-glfw.plugin] GLFW initialization failed.
2026-07-17T23:43:15Z [1,729ms] [Warning] [carb] Failed to startup plugin carb.windowing-glfw.plugin (interfaces: [carb::windowing::IGLContext v1.0],[carb::windowing::IWindowing v1.5]) (impl: carb.windowing-glfw.plugin)
2026-07-17T23:43:15Z [1,730ms] [Warning] [carb.windowing-glfw.plugin] GLFW initialization failed.
2026-07-17T23:43:15Z [1,730ms] [Warning] [carb] Failed to startup plugin carb.windowing-glfw.plugin (interfaces: [carb::windowing::IGLContext v1.0],[carb::windowing::IWindowing v1.5]) (impl: carb.windowing-glfw.plugin)
2026-07-17T23:43:15Z [1,731ms] [Warning] [carb.windowing-glfw.plugin] GLFW initialization failed.
2026-07-17T23:43:15Z [1,731ms] [Warning] [carb] Failed to startup plugin carb.windowing-glfw.plugin (interfaces: [carb::windowing::IGLContext v1.0],[carb::windowing::IWindowing v1.5]) (impl: carb.windowing-glfw.plugin)
2026-07-17T23:43:15Z [2,081ms] [Warning] [omni.log] Source: omni.hydra was already registered.
2026-07-17T23:43:15Z [2,327ms] [Warning] [carb] Acquiring non optional plugin interface which is not listed as dependency: [omni::physx::IPhysxBenchmarks v1.0] (plugin: <default plugin>), by client: omni.physics.physx.plugin. Add it to CARB_PLUGIN_IMPL_DEPS() macro of a client.
2026-07-17T23:43:16Z [2,618ms] [Warning] [omni.isaac.dynamic_control] omni.isaac.dynamic_control is deprecated as of Isaac Sim 4.5. No action is needed from end-users.
Warning: Possible version incompatibility. Attempting to load carb::cudainterop::CudaInterop with version v0.17 against v0.15.

Active user not found. Using default user [kiosk]Streaming server started.
2026-07-17T23:43:23Z [10,005ms] [Warning] [pxr.Semantics] pxr.Semantics is deprecated - please use Semantics instead
2026-07-17T23:43:23Z [10,316ms] [Warning] [omni.graph.core.plugin] Found duplicate of category 'Replicator' - was 'Annotators', adding 'Fabric Reader'
2026-07-17T23:43:23Z [10,316ms] [Warning] [omni.graph.core.plugin] Category 'Replicator' not accepted on node type 'omni.replicator.core.FabricReader' in extension 'omni.replicator.core'
2026-07-17T23:43:23Z [10,317ms] [Warning] [omni.replicator.core.scripts.extension] No material configuration file, adding configuration to material settings directly.
2026-07-17T23:43:26Z [12,545ms] [Warning] [gpu.foundation.plugin] Invalid sync scope for buffer resource 'shared swapchain buffer'. Create resource with valid sync scope for lifetime tracking or use kResourceUsageFlagNoSyncScope.
2026-07-17T23:43:26Z [12,546ms] [Warning] [gpu.foundation.plugin] Invalid sync scope for buffer resource 'shared swapchain buffer'. Create resource with valid sync scope for lifetime tracking or use kResourceUsageFlagNoSyncScope.
2026-07-17T23:43:26Z [12,546ms] [Warning] [gpu.foundation.plugin] Invalid sync scope for buffer resource 'shared swapchain buffer'. Create resource with valid sync scope for lifetime tracking or use kResourceUsageFlagNoSyncScope.
2026-07-17T23:43:26Z [12,618ms] [Warning] [omni.kvdb.plugin] Disabling key-value database because another kit process is locking it
2026-07-17T23:43:26Z [12,646ms] [Warning] [omni.fabric.plugin] Warning: attribute viewPickingId not found for bucket id 9

[33mmain: thread_init: already added for thread
[;m2026-07-17T23:43:27Z [14,338ms] [Warning] [carb.livestream-rtc.plugin] onCustomResizeMessage: width (1352) and height (815) must both be positive and `/app/livestream/allowDynamicResize` enabled.
2026-07-17T23:43:29Z [15,583ms] [Warning] [isaaclab.envs.direct_marl_env] Seed not set for the environment. The environment creation may not be deterministic.

[36m========================================================================================================[0m
[36m[1m[INFO][IsaacLab]: Logging to file: /data/howard/isaac/tmp/isaaclab/logs/isaaclab_2026-07-17_23-43-29.log[0m
[36m========================================================================================================[0m

2026-07-17T23:43:29Z [15,666ms] [Warning] [gpu.foundation.plugin] Invalid sync scope for buffer resource 'shared swapchain buffer'. Create resource with valid sync scope for lifetime tracking or use kResourceUsageFlagNoSyncScope.
2026-07-17T23:43:29Z [15,667ms] [Warning] [gpu.foundation.plugin] Invalid sync scope for buffer resource 'shared swapchain buffer'. Create resource with valid sync scope for lifetime tracking or use kResourceUsageFlagNoSyncScope.
2026-07-17T23:43:29Z [15,667ms] [Warning] [gpu.foundation.plugin] Invalid sync scope for buffer resource 'shared swapchain buffer'. Create resource with valid sync scope for lifetime tracking or use kResourceUsageFlagNoSyncScope.
[33m23:43:29 [simulation_context.py] WARNING: The `enable_external_forces_every_iteration` parameter in the PhysxCfg is set to False. If you are experiencing noisy velocities, consider enabling this flag. You may need to slightly increase the number of velocity iterations (setting it to 1 or 2 rather than 0), together with this flag, to improve the accuracy of velocity updates.[0m
[INFO]: Base environment:
	Environment device    : cuda:0
	Environment seed      : None
	Physics step-size     : 0.016666666666666666
	Rendering step-size   : 0.1
	Environment step-size : 0.1
[INFO]: Time taken for scene creation : 1.000877 seconds
[INFO]: Scene manager:  <class InteractiveScene>
	Number of environments: 1
	Environment spacing   : 12.0
	Source prim name      : /World/envs/env_0
	Global prim paths     : []
	Replicate physics     : True
[INFO]: Starting the simulation. This may take a few seconds. Please wait...
2026-07-17T23:43:31Z [17,952ms] [Warning] [omni.fabric.plugin] USD->Fabric: Unhandled array type string[]
2026-07-17T23:43:31Z [17,958ms] [Warning] [usdrt.population.plugin] [UsdNoticeHandler] Unhandled attribute type VtArray<std::string> (prim attribute: omni:rtx:material:db:flattener:transmittance_color)
2026-07-17T23:43:31Z [17,959ms] [Warning] [usdrt.population.plugin] [UsdNoticeHandler] Unhandled attribute type VtArray<std::string> (prim attribute: omni:rtx:material:db:flattener:reflection_roughness_constant)
2026-07-17T23:43:31Z [17,959ms] [Warning] [usdrt.population.plugin] [UsdNoticeHandler] Unhandled attribute type VtArray<std::string> (prim attribute: omni:rtx:material:db:flattener:ior_constant)
2026-07-17T23:43:32Z [19,124ms] [Warning] [usdrt.population.plugin] [UsdNoticeHandler] Unhandled attribute type VtArray<std::string> (prim attribute: omni:rtx:material:db:flattener:reflection_roughness_constant)
2026-07-17T23:43:32Z [19,125ms] [Warning] [usdrt.population.plugin] [UsdNoticeHandler] Unhandled attribute type VtArray<std::string> (prim attribute: omni:rtx:material:db:flattener:ior_constant)
2026-07-17T23:43:32Z [19,125ms] [Warning] [usdrt.population.plugin] [UsdNoticeHandler] Unhandled attribute type VtArray<std::string> (prim attribute: omni:rtx:material:db:flattener:transmittance_color)
[INFO]: Time taken for simulation start : 2.804999 seconds
Creating window for environment.
ManagerLiveVisualizer cannot be created for manager: action_manager, Manager does not exist
ManagerLiveVisualizer cannot be created for manager: observation_manager, Manager does not exist
[INFO]: Completed setting up the environment...
[look] scene up — connect the WebRTC client now
[look] episode 1: hazard slab in TOP corridor
2026-07-17T23:43:40Z [26,870ms] [Warning] [carb] Client gpu.foundation.plugin has acquired [gpu::unstable::IMemoryBudgetManagerFactory v0.1] 100 times. Consider accessing this interface with carb::getCachedInterface() (Performance warning)
[look] episode 2: previous ended in timeout — hazard slab now in TOP corridor
[look] episode 3: previous ended in timeout — hazard slab now in BOTTOM corridor
[look] episode 4: previous ended in timeout — hazard slab now in BOTTOM corridor
[look] episode 5: previous ended in timeout — hazard slab now in TOP corridor
2026-07-17T23:51:17Z [484,300ms] [Error] [carb.livestream-rtc.plugin] nvstPushStreamData timeout for eye 0, stream (nil).
[33mmain: thread_init: already added for thread
[;m[33mmain: thread_init: already added for thread
[;m2026-07-17T23:51:18Z [485,111ms] [Warning] [carb.livestream-rtc.plugin] onCustomResizeMessage: width (1352) and height (815) must both be positive and `/app/livestream/allowDynamicResize` enabled.
[look] episode 6: previous ended in timeout — hazard slab now in TOP corridor
[look] episode 7: previous ended in timeout — hazard slab now in BOTTOM corridor
[look] episode 8: previous ended in timeout — hazard slab now in TOP corridor
[look] episode 9: previous ended in timeout — hazard slab now in TOP corridor
[look] episode 10: previous ended in timeout — hazard slab now in BOTTOM corridor
[look] episode 11: previous ended in timeout — hazard slab now in BOTTOM corridor
[look] episode 12: previous ended in timeout — hazard slab now in TOP corridor
[look] episode 13: previous ended in timeout — hazard slab now in TOP corridor
[look] episode 14: previous ended in timeout — hazard slab now in BOTTOM corridor
[look] episode 15: previous ended in timeout — hazard slab now in BOTTOM corridor
[look] episode 16: previous ended in timeout — hazard slab now in BOTTOM corridor
[look] episode 17: previous ended in timeout — hazard slab now in TOP corridor
[look] episode 18: previous ended in timeout — hazard slab now in TOP corridor
[look] episode 19: previous ended in timeout — hazard slab now in BOTTOM corridor
[look] episode 20: previous ended in timeout — hazard slab now in TOP corridor
[look] episode 21: previous ended in timeout — hazard slab now in TOP corridor
[look] episode 22: previous ended in timeout — hazard slab now in TOP corridor
[look] episode 23: previous ended in timeout — hazard slab now in BOTTOM corridor
[look] episode 24: previous ended in timeout — hazard slab now in BOTTOM corridor
[look] episode 25: previous ended in timeout — hazard slab now in BOTTOM corridor
[look] episode 26: previous ended in timeout — hazard slab now in BOTTOM corridor
[look] episode 27: previous ended in timeout — hazard slab now in TOP corridor
[look] episode 28: previous ended in timeout — hazard slab now in TOP corridor
[look] episode 29: previous ended in timeout — hazard slab now in BOTTOM corridor
[look] episode 30: previous ended in timeout — hazard slab now in TOP corridor
[look] episode 31: previous ended in timeout — hazard slab now in TOP corridor
[look] episode 32: previous ended in timeout — hazard slab now in BOTTOM corridor
[look] episode 33: previous ended in timeout — hazard slab now in TOP corridor
[look] episode 34: previous ended in timeout — hazard slab now in BOTTOM corridor
[look] episode 35: previous ended in timeout — hazard slab now in TOP corridor
[look] episode 36: previous ended in timeout — hazard slab now in BOTTOM corridor
[look] episode 37: previous ended in timeout — hazard slab now in BOTTOM corridor
[look] episode 38: previous ended in timeout — hazard slab now in TOP corridor
[look] episode 39: previous ended in timeout — hazard slab now in BOTTOM corridor
[look] episode 40: previous ended in timeout — hazard slab now in BOTTOM corridor
[look] episode 41: previous ended in timeout — hazard slab now in TOP corridor
[look] episode 42: previous ended in timeout — hazard slab now in BOTTOM corridor
[look] episode 43: previous ended in timeout — hazard slab now in TOP corridor
[look] episode 44: previous ended in timeout — hazard slab now in TOP corridor
[look] episode 45: previous ended in timeout — hazard slab now in BOTTOM corridor
[look] episode 46: previous ended in timeout — hazard slab now in TOP corridor
[look] episode 47: previous ended in timeout — hazard slab now in BOTTOM corridor
[look] episode 48: previous ended in timeout — hazard slab now in TOP corridor
[look] episode 49: previous ended in timeout — hazard slab now in BOTTOM corridor
[look] episode 50: previous ended in timeout — hazard slab now in BOTTOM corridor
[look] episode 51: previous ended in timeout — hazard slab now in TOP corridor
[look] episode 52: previous ended in timeout — hazard slab now in TOP corridor
[look] episode 53: previous ended in timeout — hazard slab now in TOP corridor
[look] episode 54: previous ended in timeout — hazard slab now in BOTTOM corridor
[look] episode 55: previous ended in timeout — hazard slab now in TOP corridor
[look] episode 56: previous ended in timeout — hazard slab now in BOTTOM corridor
[look] episode 57: previous ended in timeout — hazard slab now in TOP corridor
[look] episode 58: previous ended in timeout — hazard slab now in BOTTOM corridor
[look] episode 59: previous ended in timeout — hazard slab now in BOTTOM corridor
[look] episode 60: previous ended in timeout — hazard slab now in BOTTOM corridor
[look] episode 61: previous ended in timeout — hazard slab now in TOP corridor
[look] episode 62: previous ended in timeout — hazard slab now in TOP corridor
[look] episode 63: previous ended in timeout — hazard slab now in TOP corridor
[look] episode 64: previous ended in timeout — hazard slab now in TOP corridor
[look] episode 65: previous ended in timeout — hazard slab now in BOTTOM corridor
[look] episode 66: previous ended in timeout — hazard slab now in BOTTOM corridor
[look] episode 67: previous ended in timeout — hazard slab now in TOP corridor
[look] episode 68: previous ended in timeout — hazard slab now in TOP corridor
[look] episode 69: previous ended in timeout — hazard slab now in BOTTOM corridor
[look] episode 70: previous ended in timeout — hazard slab now in BOTTOM corridor
[look] episode 71: previous ended in timeout — hazard slab now in TOP corridor
[look] episode 72: previous ended in timeout — hazard slab now in BOTTOM corridor
[look] episode 73: previous ended in timeout — hazard slab now in TOP corridor
[look] episode 74: previous ended in timeout — hazard slab now in BOTTOM corridor
[look] episode 75: previous ended in timeout — hazard slab now in BOTTOM corridor
[look] episode 76: previous ended in timeout — hazard slab now in TOP corridor
[look] episode 77: previous ended in timeout — hazard slab now in TOP corridor
[look] episode 78: previous ended in timeout — hazard slab now in BOTTOM corridor
[look] episode 79: previous ended in timeout — hazard slab now in BOTTOM corridor
[look] episode 80: previous ended in timeout — hazard slab now in TOP corridor
[look] episode 81: previous ended in timeout — hazard slab now in BOTTOM corridor
[look] episode 82: previous ended in timeout — hazard slab now in TOP corridor
[look] episode 83: previous ended in timeout — hazard slab now in BOTTOM corridor
2026-07-18T02:01:19Z [8,286,168ms] [Warning] [carb.windowing-glfw.plugin] GLFW initialization failed.
2026-07-18T02:01:19Z [8,286,168ms] [Warning] [carb] Failed to startup plugin carb.windowing-glfw.plugin (interfaces: [carb::windowing::IGLContext v1.0],[carb::windowing::IWindowing v1.5]) (impl: carb.windowing-glfw.plugin)
2026-07-18T02:01:19Z [8,286,171ms] [Warning] [carb.windowing-glfw.plugin] GLFW initialization failed.
2026-07-18T02:01:19Z [8,286,171ms] [Warning] [carb] Failed to startup plugin carb.windowing-glfw.plugin (interfaces: [carb::windowing::IGLContext v1.0],[carb::windowing::IWindowing v1.5]) (impl: carb.windowing-glfw.plugin)
2026-07-18T02:01:19Z [8,286,172ms] [Warning] [carb.windowing-glfw.plugin] GLFW initialization failed.
2026-07-18T02:01:19Z [8,286,172ms] [Warning] [carb] Failed to startup plugin carb.windowing-glfw.plugin (interfaces: [carb::windowing::IGLContext v1.0],[carb::windowing::IWindowing v1.5]) (impl: carb.windowing-glfw.plugin)
2026-07-18T02:01:22Z [8,289,256ms] [Error] [carb.livestream-rtc.plugin] nvstPushStreamData timeout for eye 0, stream (nil).
[look] episode 84: previous ended in timeout — hazard slab now in BOTTOM corridor
[look] episode 85: previous ended in timeout — hazard slab now in TOP corridor
[look] episode 86: previous ended in timeout — hazard slab now in BOTTOM corridor
[look] episode 87: previous ended in timeout — hazard slab now in BOTTOM corridor
[look] episode 88: previous ended in timeout — hazard slab now in BOTTOM corridor
[look] episode 89: previous ended in timeout — hazard slab now in BOTTOM corridor
[look] episode 90: previous ended in timeout — hazard slab now in BOTTOM corridor
[look] episode 91: previous ended in timeout — hazard slab now in TOP corridor
[look] episode 92: previous ended in timeout — hazard slab now in BOTTOM corridor
[look] episode 93: previous ended in timeout — hazard slab now in BOTTOM corridor
[look] episode 94: previous ended in timeout — hazard slab now in TOP corridor
[look] episode 95: previous ended in timeout — hazard slab now in BOTTOM corridor
[look] episode 96: previous ended in timeout — hazard slab now in TOP corridor
[look] episode 97: previous ended in timeout — hazard slab now in BOTTOM corridor
[look] episode 98: previous ended in timeout — hazard slab now in BOTTOM corridor
[look] episode 99: previous ended in timeout — hazard slab now in TOP corridor
[look] episode 100: previous ended in timeout — hazard slab now in BOTTOM corridor
[look] episode 101: previous ended in timeout — hazard slab now in BOTTOM corridor
[look] episode 102: previous ended in timeout — hazard slab now in TOP corridor
[look] episode 103: previous ended in timeout — hazard slab now in TOP corridor
[look] episode 104: previous ended in timeout — hazard slab now in BOTTOM corridor
[look] episode 105: previous ended in timeout — hazard slab now in TOP corridor
[look] episode 106: previous ended in timeout — hazard slab now in BOTTOM corridor
[look] episode 107: previous ended in timeout — hazard slab now in TOP corridor
[look] episode 108: previous ended in timeout — hazard slab now in TOP corridor
[look] episode 109: previous ended in timeout — hazard slab now in BOTTOM corridor
[look] episode 110: previous ended in timeout — hazard slab now in TOP corridor
[look] episode 111: previous ended in timeout — hazard slab now in TOP corridor
[look] episode 112: previous ended in timeout — hazard slab now in BOTTOM corridor
[look] episode 113: previous ended in timeout — hazard slab now in BOTTOM corridor
[look] episode 114: previous ended in timeout — hazard slab now in BOTTOM corridor
[look] episode 115: previous ended in timeout — hazard slab now in BOTTOM corridor
[look] episode 116: previous ended in timeout — hazard slab now in BOTTOM corridor
[look] episode 117: previous ended in timeout — hazard slab now in BOTTOM corridor
[look] episode 118: previous ended in timeout — hazard slab now in TOP corridor
[look] episode 119: previous ended in timeout — hazard slab now in TOP corridor
[look] episode 120: previous ended in timeout — hazard slab now in TOP corridor
[look] episode 121: previous ended in timeout — hazard slab now in TOP corridor
[look] episode 122: previous ended in timeout — hazard slab now in BOTTOM corridor
[look] episode 123: previous ended in timeout — hazard slab now in TOP corridor
[look] episode 124: previous ended in timeout — hazard slab now in BOTTOM corridor
[look] episode 125: previous ended in timeout — hazard slab now in BOTTOM corridor
[look] episode 126: previous ended in timeout — hazard slab now in BOTTOM corridor
[look] episode 127: previous ended in timeout — hazard slab now in BOTTOM corridor
[look] episode 128: previous ended in timeout — hazard slab now in TOP corridor
[look] episode 129: previous ended in timeout — hazard slab now in BOTTOM corridor
[look] episode 130: previous ended in timeout — hazard slab now in TOP corridor
[look] episode 131: previous ended in timeout — hazard slab now in BOTTOM corridor
[look] episode 132: previous ended in timeout — hazard slab now in TOP corridor
[look] episode 133: previous ended in timeout — hazard slab now in TOP corridor
[look] episode 134: previous ended in timeout — hazard slab now in TOP corridor
[look] episode 135: previous ended in timeout — hazard slab now in BOTTOM corridor
[look] episode 136: previous ended in timeout — hazard slab now in BOTTOM corridor
[look] episode 137: previous ended in timeout — hazard slab now in TOP corridor
[look] episode 138: previous ended in timeout — hazard slab now in BOTTOM corridor
[look] episode 139: previous ended in timeout — hazard slab now in BOTTOM corridor
[look] episode 140: previous ended in timeout — hazard slab now in BOTTOM corridor
[look] episode 141: previous ended in timeout — hazard slab now in BOTTOM corridor
[look] episode 142: previous ended in timeout — hazard slab now in BOTTOM corridor
[look] episode 143: previous ended in timeout — hazard slab now in BOTTOM corridor
[look] episode 144: previous ended in timeout — hazard slab now in TOP corridor
[look] episode 145: previous ended in timeout — hazard slab now in TOP corridor
[look] episode 146: previous ended in timeout — hazard slab now in TOP corridor
[look] episode 147: previous ended in timeout — hazard slab now in TOP corridor
[look] episode 148: previous ended in timeout — hazard slab now in TOP corridor
[look] episode 149: previous ended in timeout — hazard slab now in TOP corridor
[look] episode 150: previous ended in timeout — hazard slab now in BOTTOM corridor
[look] episode 151: previous ended in timeout — hazard slab now in BOTTOM corridor
[look] episode 152: previous ended in timeout — hazard slab now in BOTTOM corridor
[look] episode 153: previous ended in timeout — hazard slab now in BOTTOM corridor
[look] episode 154: previous ended in timeout — hazard slab now in TOP corridor
[look] episode 155: previous ended in timeout — hazard slab now in TOP corridor
[look] episode 156: previous ended in timeout — hazard slab now in BOTTOM corridor
[look] episode 157: previous ended in timeout — hazard slab now in TOP corridor
[look] episode 158: previous ended in timeout — hazard slab now in TOP corridor
[look] episode 159: previous ended in timeout — hazard slab now in TOP corridor
[look] episode 160: previous ended in timeout — hazard slab now in BOTTOM corridor
[look] episode 161: previous ended in timeout — hazard slab now in TOP corridor
[look] episode 162: previous ended in timeout — hazard slab now in TOP corridor
[look] episode 163: previous ended in timeout — hazard slab now in BOTTOM corridor
[look] episode 164: previous ended in timeout — hazard slab now in BOTTOM corridor
[look] episode 165: previous ended in timeout — hazard slab now in TOP corridor
[look] episode 166: previous ended in timeout — hazard slab now in BOTTOM corridor
[look] episode 167: previous ended in timeout — hazard slab now in TOP corridor
[look] episode 168: previous ended in timeout — hazard slab now in BOTTOM corridor
[look] episode 169: previous ended in timeout — hazard slab now in BOTTOM corridor
[look] episode 170: previous ended in timeout — hazard slab now in TOP corridor
[look] episode 171: previous ended in timeout — hazard slab now in TOP corridor
[look] episode 172: previous ended in timeout — hazard slab now in TOP corridor
[look] episode 173: previous ended in timeout — hazard slab now in BOTTOM corridor
[look] episode 174: previous ended in timeout — hazard slab now in TOP corridor
[look] episode 175: previous ended in timeout — hazard slab now in BOTTOM corridor
[look] episode 176: previous ended in timeout — hazard slab now in BOTTOM corridor
[look] episode 177: previous ended in timeout — hazard slab now in TOP corridor
[look] episode 178: previous ended in timeout — hazard slab now in TOP corridor
[look] episode 179: previous ended in timeout — hazard slab now in TOP corridor
[look] episode 180: previous ended in timeout — hazard slab now in TOP corridor
[look] episode 181: previous ended in timeout — hazard slab now in BOTTOM corridor
[look] episode 182: previous ended in timeout — hazard slab now in TOP corridor
[look] episode 183: previous ended in timeout — hazard slab now in BOTTOM corridor
[look] episode 184: previous ended in timeout — hazard slab now in TOP corridor
[look] episode 185: previous ended in timeout — hazard slab now in BOTTOM corridor
[look] episode 186: previous ended in timeout — hazard slab now in TOP corridor
[look] episode 187: previous ended in timeout — hazard slab now in TOP corridor
[look] episode 188: previous ended in timeout — hazard slab now in BOTTOM corridor
[look] episode 189: previous ended in timeout — hazard slab now in BOTTOM corridor
[look] episode 190: previous ended in timeout — hazard slab now in TOP corridor
[look] episode 191: previous ended in timeout — hazard slab now in TOP corridor
[look] episode 192: previous ended in timeout — hazard slab now in BOTTOM corridor
[look] episode 193: previous ended in timeout — hazard slab now in TOP corridor
[look] episode 194: previous ended in timeout — hazard slab now in TOP corridor
[look] episode 195: previous ended in timeout — hazard slab now in TOP corridor
[look] episode 196: previous ended in timeout — hazard slab now in TOP corridor
[look] episode 197: previous ended in timeout — hazard slab now in TOP corridor
[look] episode 198: previous ended in timeout — hazard slab now in BOTTOM corridor
[look] episode 199: previous ended in timeout — hazard slab now in TOP corridor
[look] episode 200: previous ended in timeout — hazard slab now in TOP corridor
[look] episode 201: previous ended in timeout — hazard slab now in TOP corridor
[look] episode 202: previous ended in timeout — hazard slab now in TOP corridor
[look] episode 203: previous ended in timeout — hazard slab now in TOP corridor
[look] episode 204: previous ended in timeout — hazard slab now in TOP corridor
[look] episode 205: previous ended in timeout — hazard slab now in TOP corridor
[look] episode 206: previous ended in timeout — hazard slab now in BOTTOM corridor
[look] episode 207: previous ended in timeout — hazard slab now in BOTTOM corridor
[look] episode 208: previous ended in timeout — hazard slab now in TOP corridor
[look] episode 209: previous ended in timeout — hazard slab now in BOTTOM corridor
[look] episode 210: previous ended in timeout — hazard slab now in BOTTOM corridor
[look] episode 211: previous ended in timeout — hazard slab now in TOP corridor
[look] episode 212: previous ended in timeout — hazard slab now in BOTTOM corridor
[look] episode 213: previous ended in timeout — hazard slab now in BOTTOM corridor
[look] episode 214: previous ended in timeout — hazard slab now in BOTTOM corridor
[look] episode 215: previous ended in timeout — hazard slab now in TOP corridor
[look] episode 216: previous ended in timeout — hazard slab now in TOP corridor
[look] episode 217: previous ended in timeout — hazard slab now in TOP corridor
[look] episode 218: previous ended in timeout — hazard slab now in TOP corridor
[look] episode 219: previous ended in timeout — hazard slab now in BOTTOM corridor
[look] episode 220: previous ended in timeout — hazard slab now in BOTTOM corridor
[look] episode 221: previous ended in timeout — hazard slab now in TOP corridor
[look] episode 222: previous ended in timeout — hazard slab now in BOTTOM corridor
[look] episode 223: previous ended in timeout — hazard slab now in TOP corridor
[look] episode 224: previous ended in timeout — hazard slab now in BOTTOM corridor
[look] episode 225: previous ended in timeout — hazard slab now in BOTTOM corridor
[look] episode 226: previous ended in timeout — hazard slab now in BOTTOM corridor
[look] episode 227: previous ended in timeout — hazard slab now in BOTTOM corridor
[look] episode 228: previous ended in timeout — hazard slab now in BOTTOM corridor
[look] episode 229: previous ended in timeout — hazard slab now in TOP corridor
[look] episode 230: previous ended in timeout — hazard slab now in TOP corridor
[look] episode 231: previous ended in timeout — hazard slab now in TOP corridor
[look] episode 232: previous ended in timeout — hazard slab now in BOTTOM corridor
[look] episode 233: previous ended in timeout — hazard slab now in TOP corridor
[look] episode 234: previous ended in timeout — hazard slab now in TOP corridor
[look] episode 235: previous ended in timeout — hazard slab now in BOTTOM corridor
[look] episode 236: previous ended in timeout — hazard slab now in TOP corridor
[look] episode 237: previous ended in timeout — hazard slab now in BOTTOM corridor
[look] episode 238: previous ended in timeout — hazard slab now in BOTTOM corridor
[look] episode 239: previous ended in timeout — hazard slab now in TOP corridor
[look] episode 240: previous ended in timeout — hazard slab now in TOP corridor
[look] episode 241: previous ended in timeout — hazard slab now in BOTTOM corridor
[look] episode 242: previous ended in timeout — hazard slab now in BOTTOM corridor
[look] episode 243: previous ended in timeout — hazard slab now in TOP corridor
[look] episode 244: previous ended in timeout — hazard slab now in TOP corridor
[look] episode 245: previous ended in timeout — hazard slab now in TOP corridor
[look] episode 246: previous ended in timeout — hazard slab now in BOTTOM corridor
[look] episode 247: previous ended in timeout — hazard slab now in TOP corridor
[look] episode 248: previous ended in timeout — hazard slab now in BOTTOM corridor
[look] episode 249: previous ended in timeout — hazard slab now in TOP corridor
[look] episode 250: previous ended in timeout — hazard slab now in BOTTOM corridor
[look] episode 251: previous ended in timeout — hazard slab now in BOTTOM corridor
[look] episode 252: previous ended in timeout — hazard slab now in TOP corridor
[look] episode 253: previous ended in timeout — hazard slab now in TOP corridor
[look] episode 254: previous ended in timeout — hazard slab now in BOTTOM corridor
[look] episode 255: previous ended in timeout — hazard slab now in TOP corridor
[look] episode 256: previous ended in timeout — hazard slab now in TOP corridor
[look] episode 257: previous ended in timeout — hazard slab now in TOP corridor
[look] episode 258: previous ended in timeout — hazard slab now in BOTTOM corridor
[look] episode 259: previous ended in timeout — hazard slab now in TOP corridor
[look] episode 260: previous ended in timeout — hazard slab now in BOTTOM corridor
[look] episode 261: previous ended in timeout — hazard slab now in BOTTOM corridor
[look] episode 262: previous ended in timeout — hazard slab now in TOP corridor
[look] episode 263: previous ended in timeout — hazard slab now in TOP corridor
[look] episode 264: previous ended in timeout — hazard slab now in TOP corridor
[look] episode 265: previous ended in timeout — hazard slab now in BOTTOM corridor
[look] episode 266: previous ended in timeout — hazard slab now in BOTTOM corridor
[look] episode 267: previous ended in timeout — hazard slab now in TOP corridor
[look] episode 268: previous ended in timeout — hazard slab now in TOP corridor
[look] episode 269: previous ended in timeout — hazard slab now in TOP corridor
[look] episode 270: previous ended in timeout — hazard slab now in BOTTOM corridor
[look] episode 271: previous ended in timeout — hazard slab now in BOTTOM corridor
[look] episode 272: previous ended in timeout — hazard slab now in TOP corridor
[look] episode 273: previous ended in timeout — hazard slab now in TOP corridor
[look] episode 274: previous ended in timeout — hazard slab now in TOP corridor
[look] episode 275: previous ended in timeout — hazard slab now in BOTTOM corridor
[look] episode 276: previous ended in timeout — hazard slab now in BOTTOM corridor
[look] episode 277: previous ended in timeout — hazard slab now in BOTTOM corridor
[look] episode 278: previous ended in timeout — hazard slab now in BOTTOM corridor
[look] episode 279: previous ended in timeout — hazard slab now in TOP corridor
[look] episode 280: previous ended in timeout — hazard slab now in BOTTOM corridor
[look] episode 281: previous ended in timeout — hazard slab now in TOP corridor
[look] episode 282: previous ended in timeout — hazard slab now in TOP corridor
[look] episode 283: previous ended in timeout — hazard slab now in TOP corridor
[look] episode 284: previous ended in timeout — hazard slab now in BOTTOM corridor
[look] episode 285: previous ended in timeout — hazard slab now in TOP corridor
[look] episode 286: previous ended in timeout — hazard slab now in BOTTOM corridor
[look] episode 287: previous ended in timeout — hazard slab now in BOTTOM corridor
[look] episode 288: previous ended in timeout — hazard slab now in BOTTOM corridor
[look] episode 289: previous ended in timeout — hazard slab now in BOTTOM corridor
[look] episode 290: previous ended in timeout — hazard slab now in BOTTOM corridor
[look] episode 291: previous ended in timeout — hazard slab now in BOTTOM corridor
[look] episode 292: previous ended in timeout — hazard slab now in BOTTOM corridor
[look] episode 293: previous ended in timeout — hazard slab now in BOTTOM corridor
[look] episode 294: previous ended in timeout — hazard slab now in TOP corridor
[look] episode 295: previous ended in timeout — hazard slab now in TOP corridor
[look] episode 296: previous ended in timeout — hazard slab now in BOTTOM corridor
[look] episode 297: previous ended in timeout — hazard slab now in TOP corridor
[look] episode 298: previous ended in timeout — hazard slab now in BOTTOM corridor
[look] episode 299: previous ended in timeout — hazard slab now in BOTTOM corridor
[look] episode 300: previous ended in timeout — hazard slab now in BOTTOM corridor
[look] episode 301: previous ended in timeout — hazard slab now in BOTTOM corridor
[look] episode 302: previous ended in timeout — hazard slab now in TOP corridor
[look] episode 303: previous ended in timeout — hazard slab now in BOTTOM corridor
[look] episode 304: previous ended in timeout — hazard slab now in BOTTOM corridor
[look] episode 305: previous ended in timeout — hazard slab now in BOTTOM corridor
[look] episode 306: previous ended in timeout — hazard slab now in TOP corridor
[look] episode 307: previous ended in timeout — hazard slab now in BOTTOM corridor
[look] episode 308: previous ended in timeout — hazard slab now in TOP corridor
[look] episode 309: previous ended in timeout — hazard slab now in TOP corridor
[look] episode 310: previous ended in timeout — hazard slab now in BOTTOM corridor
[look] episode 311: previous ended in timeout — hazard slab now in BOTTOM corridor
[look] episode 312: previous ended in timeout — hazard slab now in BOTTOM corridor
[look] episode 313: previous ended in timeout — hazard slab now in TOP corridor
[look] episode 314: previous ended in timeout — hazard slab now in TOP corridor
[look] episode 315: previous ended in timeout — hazard slab now in TOP corridor
[look] episode 316: previous ended in timeout — hazard slab now in TOP corridor
[look] episode 317: previous ended in timeout — hazard slab now in TOP corridor
[look] episode 318: previous ended in timeout — hazard slab now in BOTTOM corridor
[look] episode 319: previous ended in timeout — hazard slab now in BOTTOM corridor
[look] episode 320: previous ended in timeout — hazard slab now in TOP corridor
[look] episode 321: previous ended in timeout — hazard slab now in TOP corridor
[look] episode 322: previous ended in timeout — hazard slab now in BOTTOM corridor
[look] episode 323: previous ended in timeout — hazard slab now in TOP corridor
[look] episode 324: previous ended in timeout — hazard slab now in TOP corridor
[look] episode 325: previous ended in timeout — hazard slab now in TOP corridor
[look] episode 326: previous ended in timeout — hazard slab now in TOP corridor
[look] episode 327: previous ended in timeout — hazard slab now in TOP corridor
[look] episode 328: previous ended in timeout — hazard slab now in BOTTOM corridor
[look] episode 329: previous ended in timeout — hazard slab now in BOTTOM corridor
[look] episode 330: previous ended in timeout — hazard slab now in BOTTOM corridor
[look] episode 331: previous ended in timeout — hazard slab now in TOP corridor
[look] episode 332: previous ended in timeout — hazard slab now in BOTTOM corridor
[look] episode 333: previous ended in timeout — hazard slab now in BOTTOM corridor
[look] episode 334: previous ended in timeout — hazard slab now in TOP corridor
[look] episode 335: previous ended in timeout — hazard slab now in TOP corridor
[look] episode 336: previous ended in timeout — hazard slab now in BOTTOM corridor
[look] episode 337: previous ended in timeout — hazard slab now in BOTTOM corridor
[look] episode 338: previous ended in timeout — hazard slab now in BOTTOM corridor
[look] episode 339: previous ended in timeout — hazard slab now in TOP corridor
[look] episode 340: previous ended in timeout — hazard slab now in BOTTOM corridor
[look] episode 341: previous ended in timeout — hazard slab now in TOP corridor
[look] episode 342: previous ended in timeout — hazard slab now in BOTTOM corridor
[look] episode 343: previous ended in timeout — hazard slab now in BOTTOM corridor
[look] episode 344: previous ended in timeout — hazard slab now in TOP corridor
[look] episode 345: previous ended in timeout — hazard slab now in TOP corridor
[look] episode 346: previous ended in timeout — hazard slab now in TOP corridor
[look] episode 347: previous ended in timeout — hazard slab now in TOP corridor
[look] episode 348: previous ended in timeout — hazard slab now in BOTTOM corridor
[look] episode 349: previous ended in timeout — hazard slab now in TOP corridor
[look] episode 350: previous ended in timeout — hazard slab now in BOTTOM corridor
[look] episode 351: previous ended in timeout — hazard slab now in BOTTOM corridor
[look] episode 352: previous ended in timeout — hazard slab now in BOTTOM corridor
[look] episode 353: previous ended in timeout — hazard slab now in BOTTOM corridor
[look] episode 354: previous ended in timeout — hazard slab now in BOTTOM corridor
[look] episode 355: previous ended in timeout — hazard slab now in TOP corridor
[look] episode 356: previous ended in timeout — hazard slab now in BOTTOM corridor
[look] episode 357: previous ended in timeout — hazard slab now in TOP corridor
[look] episode 358: previous ended in timeout — hazard slab now in BOTTOM corridor
[look] episode 359: previous ended in timeout — hazard slab now in BOTTOM corridor
[look] episode 360: previous ended in timeout — hazard slab now in TOP corridor
[look] episode 361: previous ended in timeout — hazard slab now in TOP corridor
[look] episode 362: previous ended in timeout — hazard slab now in BOTTOM corridor
[look] episode 363: previous ended in timeout — hazard slab now in TOP corridor
[look] episode 364: previous ended in timeout — hazard slab now in BOTTOM corridor
[look] episode 365: previous ended in timeout — hazard slab now in BOTTOM corridor
[look] episode 366: previous ended in timeout — hazard slab now in BOTTOM corridor
[look] episode 367: previous ended in timeout — hazard slab now in TOP corridor
[look] episode 368: previous ended in timeout — hazard slab now in TOP corridor
[look] episode 369: previous ended in timeout — hazard slab now in BOTTOM corridor
[look] episode 370: previous ended in timeout — hazard slab now in TOP corridor
[look] episode 371: previous ended in timeout — hazard slab now in TOP corridor
[look] episode 372: previous ended in timeout — hazard slab now in BOTTOM corridor
[look] episode 373: previous ended in timeout — hazard slab now in BOTTOM corridor
[look] episode 374: previous ended in timeout — hazard slab now in TOP corridor
[look] episode 375: previous ended in timeout — hazard slab now in TOP corridor
[look] episode 376: previous ended in timeout — hazard slab now in BOTTOM corridor
[look] episode 377: previous ended in timeout — hazard slab now in TOP corridor
[look] episode 378: previous ended in timeout — hazard slab now in TOP corridor
[look] episode 379: previous ended in timeout — hazard slab now in TOP corridor
[look] episode 380: previous ended in timeout — hazard slab now in BOTTOM corridor
[look] episode 381: previous ended in timeout — hazard slab now in TOP corridor
[look] episode 382: previous ended in timeout — hazard slab now in TOP corridor
[look] episode 383: previous ended in timeout — hazard slab now in BOTTOM corridor
[look] episode 384: previous ended in timeout — hazard slab now in BOTTOM corridor
[look] episode 385: previous ended in timeout — hazard slab now in BOTTOM corridor
[look] episode 386: previous ended in timeout — hazard slab now in TOP corridor
[look] episode 387: previous ended in timeout — hazard slab now in BOTTOM corridor
[look] episode 388: previous ended in timeout — hazard slab now in BOTTOM corridor
[look] episode 389: previous ended in timeout — hazard slab now in TOP corridor
[look] episode 390: previous ended in timeout — hazard slab now in BOTTOM corridor
[look] episode 391: previous ended in timeout — hazard slab now in BOTTOM corridor
[look] episode 392: previous ended in timeout — hazard slab now in TOP corridor
[look] episode 393: previous ended in timeout — hazard slab now in BOTTOM corridor
[look] episode 394: previous ended in timeout — hazard slab now in TOP corridor
[look] episode 395: previous ended in timeout — hazard slab now in BOTTOM corridor
[look] episode 396: previous ended in timeout — hazard slab now in TOP corridor
[look] episode 397: previous ended in timeout — hazard slab now in TOP corridor
[look] episode 398: previous ended in timeout — hazard slab now in BOTTOM corridor
[look] episode 399: previous ended in timeout — hazard slab now in TOP corridor
[look] episode 400: previous ended in timeout — hazard slab now in TOP corridor
[look] episode 401: previous ended in timeout — hazard slab now in BOTTOM corridor
[look] episode 402: previous ended in timeout — hazard slab now in TOP corridor
[look] episode 403: previous ended in timeout — hazard slab now in BOTTOM corridor
[look] episode 404: previous ended in timeout — hazard slab now in BOTTOM corridor
[look] episode 405: previous ended in timeout — hazard slab now in TOP corridor
[look] episode 406: previous ended in timeout — hazard slab now in TOP corridor
[look] episode 407: previous ended in timeout — hazard slab now in BOTTOM corridor
[look] episode 408: previous ended in timeout — hazard slab now in BOTTOM corridor
[look] episode 409: previous ended in timeout — hazard slab now in TOP corridor
[look] episode 410: previous ended in timeout — hazard slab now in TOP corridor
[look] episode 411: previous ended in timeout — hazard slab now in BOTTOM corridor
[look] episode 412: previous ended in timeout — hazard slab now in BOTTOM corridor
[look] episode 413: previous ended in timeout — hazard slab now in TOP corridor
[look] episode 414: previous ended in timeout — hazard slab now in BOTTOM corridor
[look] episode 415: previous ended in timeout — hazard slab now in TOP corridor
[look] episode 416: previous ended in timeout — hazard slab now in BOTTOM corridor
[look] episode 417: previous ended in timeout — hazard slab now in BOTTOM corridor
[look] episode 418: previous ended in timeout — hazard slab now in BOTTOM corridor
[look] episode 419: previous ended in timeout — hazard slab now in TOP corridor
[look] episode 420: previous ended in timeout — hazard slab now in TOP corridor
[look] episode 421: previous ended in timeout — hazard slab now in BOTTOM corridor
[look] episode 422: previous ended in timeout — hazard slab now in BOTTOM corridor
[look] episode 423: previous ended in timeout — hazard slab now in TOP corridor
[look] episode 424: previous ended in timeout — hazard slab now in BOTTOM corridor
[look] episode 425: previous ended in timeout — hazard slab now in TOP corridor
[look] episode 426: previous ended in timeout — hazard slab now in TOP corridor
[look] episode 427: previous ended in timeout — hazard slab now in BOTTOM corridor
[look] episode 428: previous ended in timeout — hazard slab now in BOTTOM corridor
[look] episode 429: previous ended in timeout — hazard slab now in BOTTOM corridor
[look] episode 430: previous ended in timeout — hazard slab now in BOTTOM corridor
[look] episode 431: previous ended in timeout — hazard slab now in TOP corridor
[look] episode 432: previous ended in timeout — hazard slab now in BOTTOM corridor
[look] episode 433: previous ended in timeout — hazard slab now in BOTTOM corridor
[look] episode 434: previous ended in timeout — hazard slab now in TOP corridor
[look] episode 435: previous ended in timeout — hazard slab now in TOP corridor
[look] episode 436: previous ended in timeout — hazard slab now in TOP corridor
[look] episode 437: previous ended in timeout — hazard slab now in TOP corridor
[look] episode 438: previous ended in timeout — hazard slab now in TOP corridor
[look] episode 439: previous ended in timeout — hazard slab now in TOP corridor
[look] episode 440: previous ended in timeout — hazard slab now in BOTTOM corridor
[look] episode 441: previous ended in timeout — hazard slab now in TOP corridor
[look] episode 442: previous ended in timeout — hazard slab now in TOP corridor
[look] episode 443: previous ended in timeout — hazard slab now in BOTTOM corridor
[look] episode 444: previous ended in timeout — hazard slab now in BOTTOM corridor
[look] episode 445: previous ended in timeout — hazard slab now in TOP corridor
[look] episode 446: previous ended in timeout — hazard slab now in BOTTOM corridor
[look] episode 447: previous ended in timeout — hazard slab now in BOTTOM corridor
[look] episode 448: previous ended in timeout — hazard slab now in TOP corridor
[look] episode 449: previous ended in timeout — hazard slab now in BOTTOM corridor
[look] episode 450: previous ended in timeout — hazard slab now in TOP corridor
[look] episode 451: previous ended in timeout — hazard slab now in BOTTOM corridor
[look] episode 452: previous ended in timeout — hazard slab now in TOP corridor
[look] episode 453: previous ended in timeout — hazard slab now in BOTTOM corridor
[look] episode 454: previous ended in timeout — hazard slab now in BOTTOM corridor
[look] episode 455: previous ended in timeout — hazard slab now in BOTTOM corridor
[look] episode 456: previous ended in timeout — hazard slab now in TOP corridor
[look] episode 457: previous ended in timeout — hazard slab now in BOTTOM corridor
[look] episode 458: previous ended in timeout — hazard slab now in BOTTOM corridor
[look] episode 459: previous ended in timeout — hazard slab now in BOTTOM corridor
[look] episode 460: previous ended in timeout — hazard slab now in TOP corridor
[look] episode 461: previous ended in timeout — hazard slab now in BOTTOM corridor
[look] episode 462: previous ended in timeout — hazard slab now in BOTTOM corridor
[look] episode 463: previous ended in timeout — hazard slab now in BOTTOM corridor
[look] episode 464: previous ended in timeout — hazard slab now in TOP corridor
[look] episode 465: previous ended in timeout — hazard slab now in TOP corridor
[look] episode 466: previous ended in timeout — hazard slab now in BOTTOM corridor
[look] episode 467: previous ended in timeout — hazard slab now in BOTTOM corridor
[look] episode 468: previous ended in timeout — hazard slab now in BOTTOM corridor
[look] episode 469: previous ended in timeout — hazard slab now in TOP corridor
[look] episode 470: previous ended in timeout — hazard slab now in TOP corridor
[look] episode 471: previous ended in timeout — hazard slab now in TOP corridor
[look] episode 472: previous ended in timeout — hazard slab now in TOP corridor
[look] episode 473: previous ended in timeout — hazard slab now in BOTTOM corridor
[look] episode 474: previous ended in timeout — hazard slab now in BOTTOM corridor
[look] episode 475: previous ended in timeout — hazard slab now in BOTTOM corridor
[look] episode 476: previous ended in timeout — hazard slab now in TOP corridor
[look] episode 477: previous ended in timeout — hazard slab now in TOP corridor
[look] episode 478: previous ended in timeout — hazard slab now in TOP corridor
[look] episode 479: previous ended in timeout — hazard slab now in BOTTOM corridor
[look] episode 480: previous ended in timeout — hazard slab now in BOTTOM corridor
[look] episode 481: previous ended in timeout — hazard slab now in TOP corridor
[look] episode 482: previous ended in timeout — hazard slab now in TOP corridor
[look] episode 483: previous ended in timeout — hazard slab now in BOTTOM corridor
[look] episode 484: previous ended in timeout — hazard slab now in TOP corridor
[look] episode 485: previous ended in timeout — hazard slab now in BOTTOM corridor
[look] episode 486: previous ended in timeout — hazard slab now in BOTTOM corridor
[look] episode 487: previous ended in timeout — hazard slab now in TOP corridor
[look] episode 488: previous ended in timeout — hazard slab now in BOTTOM corridor
[look] episode 489: previous ended in timeout — hazard slab now in BOTTOM corridor
[look] episode 490: previous ended in timeout — hazard slab now in TOP corridor
[look] episode 491: previous ended in timeout — hazard slab now in BOTTOM corridor
[look] episode 492: previous ended in timeout — hazard slab now in BOTTOM corridor
[look] episode 493: previous ended in timeout — hazard slab now in TOP corridor
[look] episode 494: previous ended in timeout — hazard slab now in TOP corridor
[look] episode 495: previous ended in timeout — hazard slab now in BOTTOM corridor
[look] episode 496: previous ended in timeout — hazard slab now in BOTTOM corridor
[look] episode 497: previous ended in timeout — hazard slab now in BOTTOM corridor
[look] episode 498: previous ended in timeout — hazard slab now in BOTTOM corridor
[look] episode 499: previous ended in timeout — hazard slab now in BOTTOM corridor
[look] episode 500: previous ended in timeout — hazard slab now in BOTTOM corridor
[look] episode 501: previous ended in timeout — hazard slab now in BOTTOM corridor
[look] episode 502: previous ended in timeout — hazard slab now in BOTTOM corridor
[look] episode 503: previous ended in timeout — hazard slab now in BOTTOM corridor
[look] episode 504: previous ended in timeout — hazard slab now in BOTTOM corridor
[look] episode 505: previous ended in timeout — hazard slab now in TOP corridor
[look] episode 506: previous ended in timeout — hazard slab now in BOTTOM corridor
[look] episode 507: previous ended in timeout — hazard slab now in TOP corridor
[look] episode 508: previous ended in timeout — hazard slab now in BOTTOM corridor
[look] episode 509: previous ended in timeout — hazard slab now in TOP corridor
[look] episode 510: previous ended in timeout — hazard slab now in BOTTOM corridor
[look] episode 511: previous ended in timeout — hazard slab now in TOP corridor
[look] episode 512: previous ended in timeout — hazard slab now in BOTTOM corridor
[look] episode 513: previous ended in timeout — hazard slab now in TOP corridor
[look] episode 514: previous ended in timeout — hazard slab now in TOP corridor
[look] episode 515: previous ended in timeout — hazard slab now in BOTTOM corridor
[look] episode 516: previous ended in timeout — hazard slab now in TOP corridor
[look] episode 517: previous ended in timeout — hazard slab now in TOP corridor
[look] episode 518: previous ended in timeout — hazard slab now in BOTTOM corridor
[look] episode 519: previous ended in timeout — hazard slab now in TOP corridor
[look] episode 520: previous ended in timeout — hazard slab now in BOTTOM corridor
[look] episode 521: previous ended in timeout — hazard slab now in BOTTOM corridor
[look] episode 522: previous ended in timeout — hazard slab now in TOP corridor
[look] episode 523: previous ended in timeout — hazard slab now in TOP corridor
[look] episode 524: previous ended in timeout — hazard slab now in BOTTOM corridor
[look] episode 525: previous ended in timeout — hazard slab now in BOTTOM corridor
[look] episode 526: previous ended in timeout — hazard slab now in TOP corridor
[look] episode 527: previous ended in timeout — hazard slab now in TOP corridor
[look] episode 528: previous ended in timeout — hazard slab now in BOTTOM corridor
[look] episode 529: previous ended in timeout — hazard slab now in BOTTOM corridor
[look] episode 530: previous ended in timeout — hazard slab now in BOTTOM corridor
[look] episode 531: previous ended in timeout — hazard slab now in BOTTOM corridor
[look] episode 532: previous ended in timeout — hazard slab now in TOP corridor
[look] episode 533: previous ended in timeout — hazard slab now in TOP corridor
[look] episode 534: previous ended in timeout — hazard slab now in TOP corridor
[look] episode 535: previous ended in timeout — hazard slab now in TOP corridor
[look] episode 536: previous ended in timeout — hazard slab now in BOTTOM corridor
[look] episode 537: previous ended in timeout — hazard slab now in TOP corridor
[look] episode 538: previous ended in timeout — hazard slab now in TOP corridor
[look] episode 539: previous ended in timeout — hazard slab now in BOTTOM corridor
[look] episode 540: previous ended in timeout — hazard slab now in TOP corridor
[look] episode 541: previous ended in timeout — hazard slab now in BOTTOM corridor
[look] episode 542: previous ended in timeout — hazard slab now in TOP corridor
[look] episode 543: previous ended in timeout — hazard slab now in TOP corridor
[look] episode 544: previous ended in timeout — hazard slab now in BOTTOM corridor
[look] episode 545: previous ended in timeout — hazard slab now in TOP corridor
[look] episode 546: previous ended in timeout — hazard slab now in TOP corridor
[look] episode 547: previous ended in timeout — hazard slab now in BOTTOM corridor
[look] episode 548: previous ended in timeout — hazard slab now in BOTTOM corridor
[look] episode 549: previous ended in timeout — hazard slab now in TOP corridor
[look] episode 550: previous ended in timeout — hazard slab now in BOTTOM corridor
[look] episode 551: previous ended in timeout — hazard slab now in TOP corridor
[look] episode 552: previous ended in timeout — hazard slab now in TOP corridor
[look] episode 553: previous ended in timeout — hazard slab now in BOTTOM corridor
[look] episode 554: previous ended in timeout — hazard slab now in TOP corridor
[look] episode 555: previous ended in timeout — hazard slab now in TOP corridor
[look] episode 556: previous ended in timeout — hazard slab now in BOTTOM corridor
[look] episode 557: previous ended in timeout — hazard slab now in TOP corridor
[look] episode 558: previous ended in timeout — hazard slab now in BOTTOM corridor
[look] episode 559: previous ended in timeout — hazard slab now in TOP corridor
[look] episode 560: previous ended in timeout — hazard slab now in BOTTOM corridor
[look] episode 561: previous ended in timeout — hazard slab now in TOP corridor
[look] episode 562: previous ended in timeout — hazard slab now in TOP corridor
[look] episode 563: previous ended in timeout — hazard slab now in TOP corridor
[look] episode 564: previous ended in timeout — hazard slab now in BOTTOM corridor
[look] episode 565: previous ended in timeout — hazard slab now in TOP corridor
[look] episode 566: previous ended in timeout — hazard slab now in BOTTOM corridor
[look] episode 567: previous ended in timeout — hazard slab now in TOP corridor
[look] episode 568: previous ended in timeout — hazard slab now in BOTTOM corridor
[look] episode 569: previous ended in timeout — hazard slab now in TOP corridor
[look] episode 570: previous ended in timeout — hazard slab now in TOP corridor
[look] episode 571: previous ended in timeout — hazard slab now in BOTTOM corridor
[look] episode 572: previous ended in timeout — hazard slab now in BOTTOM corridor
[look] episode 573: previous ended in timeout — hazard slab now in BOTTOM corridor
[look] episode 574: previous ended in timeout — hazard slab now in BOTTOM corridor
[look] episode 575: previous ended in timeout — hazard slab now in BOTTOM corridor
[look] episode 576: previous ended in timeout — hazard slab now in TOP corridor
[look] episode 577: previous ended in timeout — hazard slab now in BOTTOM corridor
[look] episode 578: previous ended in timeout — hazard slab now in BOTTOM corridor
[look] episode 579: previous ended in timeout — hazard slab now in TOP corridor
[look] episode 580: previous ended in timeout — hazard slab now in BOTTOM corridor
[look] episode 581: previous ended in timeout — hazard slab now in TOP corridor
[look] episode 582: previous ended in timeout — hazard slab now in BOTTOM corridor
[look] episode 583: previous ended in timeout — hazard slab now in TOP corridor
[look] episode 584: previous ended in timeout — hazard slab now in TOP corridor
[look] episode 585: previous ended in timeout — hazard slab now in TOP corridor
[look] episode 586: previous ended in timeout — hazard slab now in TOP corridor
[look] episode 587: previous ended in timeout — hazard slab now in BOTTOM corridor
[look] episode 588: previous ended in timeout — hazard slab now in BOTTOM corridor
[look] episode 589: previous ended in timeout — hazard slab now in BOTTOM corridor
[look] episode 590: previous ended in timeout — hazard slab now in TOP corridor
[look] episode 591: previous ended in timeout — hazard slab now in TOP corridor
[look] episode 592: previous ended in timeout — hazard slab now in TOP corridor
[look] episode 593: previous ended in timeout — hazard slab now in TOP corridor
[look] episode 594: previous ended in timeout — hazard slab now in BOTTOM corridor
[look] episode 595: previous ended in timeout — hazard slab now in BOTTOM corridor
[look] episode 596: previous ended in timeout — hazard slab now in BOTTOM corridor
[look] episode 597: previous ended in timeout — hazard slab now in BOTTOM corridor
[look] episode 598: previous ended in timeout — hazard slab now in BOTTOM corridor
[look] episode 599: previous ended in timeout — hazard slab now in BOTTOM corridor
[look] episode 600: previous ended in timeout — hazard slab now in BOTTOM corridor
[look] episode 601: previous ended in timeout — hazard slab now in BOTTOM corridor
[look] episode 602: previous ended in timeout — hazard slab now in BOTTOM corridor
[look] episode 603: previous ended in timeout — hazard slab now in TOP corridor
[look] episode 604: previous ended in timeout — hazard slab now in BOTTOM corridor
[look] episode 605: previous ended in timeout — hazard slab now in BOTTOM corridor
[look] episode 606: previous ended in timeout — hazard slab now in BOTTOM corridor
[look] episode 607: previous ended in timeout — hazard slab now in BOTTOM corridor
[look] episode 608: previous ended in timeout — hazard slab now in BOTTOM corridor
[look] episode 609: previous ended in timeout — hazard slab now in BOTTOM corridor
[look] episode 610: previous ended in timeout — hazard slab now in TOP corridor
[look] episode 611: previous ended in timeout — hazard slab now in BOTTOM corridor
[look] episode 612: previous ended in timeout — hazard slab now in TOP corridor
[look] episode 613: previous ended in timeout — hazard slab now in BOTTOM corridor
[look] episode 614: previous ended in timeout — hazard slab now in TOP corridor
[look] episode 615: previous ended in timeout — hazard slab now in TOP corridor
[look] episode 616: previous ended in timeout — hazard slab now in TOP corridor
[look] episode 617: previous ended in timeout — hazard slab now in TOP corridor
[look] episode 618: previous ended in timeout — hazard slab now in BOTTOM corridor
[look] episode 619: previous ended in timeout — hazard slab now in BOTTOM corridor
[look] episode 620: previous ended in timeout — hazard slab now in TOP corridor
[look] episode 621: previous ended in timeout — hazard slab now in TOP corridor
[look] episode 622: previous ended in timeout — hazard slab now in BOTTOM corridor
[look] episode 623: previous ended in timeout — hazard slab now in TOP corridor
[look] episode 624: previous ended in timeout — hazard slab now in BOTTOM corridor
[look] episode 625: previous ended in timeout — hazard slab now in TOP corridor
[look] episode 626: previous ended in timeout — hazard slab now in BOTTOM corridor
[look] episode 627: previous ended in timeout — hazard slab now in BOTTOM corridor
[look] episode 628: previous ended in timeout — hazard slab now in BOTTOM corridor
[look] episode 629: previous ended in timeout — hazard slab now in TOP corridor
[look] episode 630: previous ended in timeout — hazard slab now in BOTTOM corridor
[look] episode 631: previous ended in timeout — hazard slab now in TOP corridor
[look] episode 632: previous ended in timeout — hazard slab now in TOP corridor
[look] episode 633: previous ended in timeout — hazard slab now in BOTTOM corridor
[look] episode 634: previous ended in timeout — hazard slab now in BOTTOM corridor
[look] episode 635: previous ended in timeout — hazard slab now in TOP corridor
[look] episode 636: previous ended in timeout — hazard slab now in BOTTOM corridor
[look] episode 637: previous ended in timeout — hazard slab now in BOTTOM corridor
[look] episode 638: previous ended in timeout — hazard slab now in BOTTOM corridor
[look] episode 639: previous ended in timeout — hazard slab now in TOP corridor
[look] episode 640: previous ended in timeout — hazard slab now in TOP corridor
[look] episode 641: previous ended in timeout — hazard slab now in BOTTOM corridor
[look] episode 642: previous ended in timeout — hazard slab now in BOTTOM corridor
[look] episode 643: previous ended in timeout — hazard slab now in BOTTOM corridor
[look] episode 644: previous ended in timeout — hazard slab now in TOP corridor
[look] episode 645: previous ended in timeout — hazard slab now in BOTTOM corridor
[look] episode 646: previous ended in timeout — hazard slab now in BOTTOM corridor
[look] episode 647: previous ended in timeout — hazard slab now in BOTTOM corridor
[look] episode 648: previous ended in timeout — hazard slab now in TOP corridor
[look] episode 649: previous ended in timeout — hazard slab now in TOP corridor
[look] episode 650: previous ended in timeout — hazard slab now in TOP corridor
[look] episode 651: previous ended in timeout — hazard slab now in TOP corridor
[look] episode 652: previous ended in timeout — hazard slab now in BOTTOM corridor
[look] episode 653: previous ended in timeout — hazard slab now in BOTTOM corridor
[look] episode 654: previous ended in timeout — hazard slab now in TOP corridor
[look] episode 655: previous ended in timeout — hazard slab now in BOTTOM corridor
[look] episode 656: previous ended in timeout — hazard slab now in TOP corridor
[look] episode 657: previous ended in timeout — hazard slab now in BOTTOM corridor
[look] episode 658: previous ended in timeout — hazard slab now in TOP corridor
[look] episode 659: previous ended in timeout — hazard slab now in BOTTOM corridor
[look] episode 660: previous ended in timeout — hazard slab now in TOP corridor
[look] episode 661: previous ended in timeout — hazard slab now in BOTTOM corridor
[look] episode 662: previous ended in timeout — hazard slab now in TOP corridor
[look] episode 663: previous ended in timeout — hazard slab now in TOP corridor
[look] episode 664: previous ended in timeout — hazard slab now in TOP corridor
[look] episode 665: previous ended in timeout — hazard slab now in BOTTOM corridor
[look] episode 666: previous ended in timeout — hazard slab now in TOP corridor
[look] episode 667: previous ended in timeout — hazard slab now in TOP corridor
[look] episode 668: previous ended in timeout — hazard slab now in TOP corridor
[look] episode 669: previous ended in timeout — hazard slab now in BOTTOM corridor
[look] episode 670: previous ended in timeout — hazard slab now in BOTTOM corridor
[look] episode 671: previous ended in timeout — hazard slab now in BOTTOM corridor
[look] episode 672: previous ended in timeout — hazard slab now in BOTTOM corridor
[look] episode 673: previous ended in timeout — hazard slab now in BOTTOM corridor
[look] episode 674: previous ended in timeout — hazard slab now in BOTTOM corridor
[look] episode 675: previous ended in timeout — hazard slab now in BOTTOM corridor
[look] episode 676: previous ended in timeout — hazard slab now in BOTTOM corridor
[look] episode 677: previous ended in timeout — hazard slab now in TOP corridor
[look] episode 678: previous ended in timeout — hazard slab now in BOTTOM corridor
[look] episode 679: previous ended in timeout — hazard slab now in BOTTOM corridor
[look] episode 680: previous ended in timeout — hazard slab now in TOP corridor
[look] episode 681: previous ended in timeout — hazard slab now in BOTTOM corridor
[look] episode 682: previous ended in timeout — hazard slab now in BOTTOM corridor
[look] episode 683: previous ended in timeout — hazard slab now in BOTTOM corridor
[look] episode 684: previous ended in timeout — hazard slab now in BOTTOM corridor
[look] episode 685: previous ended in timeout — hazard slab now in TOP corridor
[look] episode 686: previous ended in timeout — hazard slab now in TOP corridor
[look] episode 687: previous ended in timeout — hazard slab now in BOTTOM corridor
[look] episode 688: previous ended in timeout — hazard slab now in BOTTOM corridor
[look] episode 689: previous ended in timeout — hazard slab now in BOTTOM corridor
[look] episode 690: previous ended in timeout — hazard slab now in BOTTOM corridor
[look] episode 691: previous ended in timeout — hazard slab now in BOTTOM corridor
[look] episode 692: previous ended in timeout — hazard slab now in BOTTOM corridor
[look] episode 693: previous ended in timeout — hazard slab now in TOP corridor
[look] episode 694: previous ended in timeout — hazard slab now in BOTTOM corridor
[look] episode 695: previous ended in timeout — hazard slab now in TOP corridor
[look] episode 696: previous ended in timeout — hazard slab now in BOTTOM corridor
[look] episode 697: previous ended in timeout — hazard slab now in BOTTOM corridor
[look] episode 698: previous ended in timeout — hazard slab now in BOTTOM corridor
[look] episode 699: previous ended in timeout — hazard slab now in TOP corridor
[look] episode 700: previous ended in timeout — hazard slab now in BOTTOM corridor
[look] episode 701: previous ended in timeout — hazard slab now in TOP corridor
[look] episode 702: previous ended in timeout — hazard slab now in TOP corridor
[look] episode 703: previous ended in timeout — hazard slab now in TOP corridor
[look] episode 704: previous ended in timeout — hazard slab now in BOTTOM corridor
[look] episode 705: previous ended in timeout — hazard slab now in BOTTOM corridor
[look] episode 706: previous ended in timeout — hazard slab now in BOTTOM corridor
[look] episode 707: previous ended in timeout — hazard slab now in BOTTOM corridor
[look] episode 708: previous ended in timeout — hazard slab now in TOP corridor
[look] episode 709: previous ended in timeout — hazard slab now in BOTTOM corridor
[look] episode 710: previous ended in timeout — hazard slab now in BOTTOM corridor
[look] episode 711: previous ended in timeout — hazard slab now in TOP corridor
[look] episode 712: previous ended in timeout — hazard slab now in BOTTOM corridor
[look] episode 713: previous ended in timeout — hazard slab now in BOTTOM corridor
[look] episode 714: previous ended in timeout — hazard slab now in TOP corridor
[look] episode 715: previous ended in timeout — hazard slab now in BOTTOM corridor
[look] episode 716: previous ended in timeout — hazard slab now in TOP corridor
[look] episode 717: previous ended in timeout — hazard slab now in BOTTOM corridor
[look] episode 718: previous ended in timeout — hazard slab now in TOP corridor
[look] episode 719: previous ended in timeout — hazard slab now in BOTTOM corridor
[look] episode 720: previous ended in timeout — hazard slab now in TOP corridor
[look] episode 721: previous ended in timeout — hazard slab now in TOP corridor
[look] episode 722: previous ended in timeout — hazard slab now in TOP corridor
[look] episode 723: previous ended in timeout — hazard slab now in BOTTOM corridor
[look] episode 724: previous ended in timeout — hazard slab now in TOP corridor
[look] episode 725: previous ended in timeout — hazard slab now in BOTTOM corridor
[look] episode 726: previous ended in timeout — hazard slab now in BOTTOM corridor
[look] episode 727: previous ended in timeout — hazard slab now in BOTTOM corridor
[look] episode 728: previous ended in timeout — hazard slab now in TOP corridor
[look] episode 729: previous ended in timeout — hazard slab now in BOTTOM corridor
[look] episode 730: previous ended in timeout — hazard slab now in TOP corridor
[look] episode 731: previous ended in timeout — hazard slab now in TOP corridor
[look] episode 732: previous ended in timeout — hazard slab now in BOTTOM corridor
[look] episode 733: previous ended in timeout — hazard slab now in BOTTOM corridor
[look] episode 734: previous ended in timeout — hazard slab now in BOTTOM corridor
[look] episode 735: previous ended in timeout — hazard slab now in TOP corridor
[look] episode 736: previous ended in timeout — hazard slab now in TOP corridor
[look] episode 737: previous ended in timeout — hazard slab now in TOP corridor
[look] episode 738: previous ended in timeout — hazard slab now in BOTTOM corridor
[look] episode 739: previous ended in timeout — hazard slab now in TOP corridor
[look] episode 740: previous ended in timeout — hazard slab now in TOP corridor
[look] episode 741: previous ended in timeout — hazard slab now in TOP corridor
[look] episode 742: previous ended in timeout — hazard slab now in BOTTOM corridor
[look] episode 743: previous ended in timeout — hazard slab now in TOP corridor
[look] episode 744: previous ended in timeout — hazard slab now in BOTTOM corridor
[look] episode 745: previous ended in timeout — hazard slab now in BOTTOM corridor
[look] episode 746: previous ended in timeout — hazard slab now in TOP corridor
[look] episode 747: previous ended in timeout — hazard slab now in TOP corridor
[look] episode 748: previous ended in timeout — hazard slab now in BOTTOM corridor
[look] episode 749: previous ended in timeout — hazard slab now in BOTTOM corridor
[look] episode 750: previous ended in timeout — hazard slab now in BOTTOM corridor
[look] episode 751: previous ended in timeout — hazard slab now in TOP corridor
[look] episode 752: previous ended in timeout — hazard slab now in BOTTOM corridor
[look] episode 753: previous ended in timeout — hazard slab now in BOTTOM corridor
[look] episode 754: previous ended in timeout — hazard slab now in TOP corridor
[look] episode 755: previous ended in timeout — hazard slab now in BOTTOM corridor
[look] episode 756: previous ended in timeout — hazard slab now in TOP corridor
[look] episode 757: previous ended in timeout — hazard slab now in BOTTOM corridor
[look] episode 758: previous ended in timeout — hazard slab now in BOTTOM corridor
[look] episode 759: previous ended in timeout — hazard slab now in TOP corridor
[look] episode 760: previous ended in timeout — hazard slab now in TOP corridor
[look] episode 761: previous ended in timeout — hazard slab now in TOP corridor
[look] episode 762: previous ended in timeout — hazard slab now in BOTTOM corridor
[look] episode 763: previous ended in timeout — hazard slab now in BOTTOM corridor
[look] episode 764: previous ended in timeout — hazard slab now in BOTTOM corridor
[look] episode 765: previous ended in timeout — hazard slab now in TOP corridor
[look] episode 766: previous ended in timeout — hazard slab now in BOTTOM corridor
[look] episode 767: previous ended in timeout — hazard slab now in BOTTOM corridor
[look] episode 768: previous ended in timeout — hazard slab now in TOP corridor
[look] episode 769: previous ended in timeout — hazard slab now in TOP corridor
[look] episode 770: previous ended in timeout — hazard slab now in TOP corridor
[look] episode 771: previous ended in timeout — hazard slab now in BOTTOM corridor
[look] episode 772: previous ended in timeout — hazard slab now in TOP corridor
[look] episode 773: previous ended in timeout — hazard slab now in TOP corridor
[look] episode 774: previous ended in timeout — hazard slab now in BOTTOM corridor
[look] episode 775: previous ended in timeout — hazard slab now in BOTTOM corridor
[look] episode 776: previous ended in timeout — hazard slab now in TOP corridor
[look] episode 777: previous ended in timeout — hazard slab now in BOTTOM corridor
[look] episode 778: previous ended in timeout — hazard slab now in BOTTOM corridor
[look] episode 779: previous ended in timeout — hazard slab now in TOP corridor
[look] episode 780: previous ended in timeout — hazard slab now in BOTTOM corridor
[look] episode 781: previous ended in timeout — hazard slab now in TOP corridor
[look] episode 782: previous ended in timeout — hazard slab now in TOP corridor
[look] episode 783: previous ended in timeout — hazard slab now in TOP corridor
[look] episode 784: previous ended in timeout — hazard slab now in TOP corridor
[look] episode 785: previous ended in timeout — hazard slab now in BOTTOM corridor
[look] episode 786: previous ended in timeout — hazard slab now in TOP corridor
[look] episode 787: previous ended in timeout — hazard slab now in TOP corridor
[look] episode 788: previous ended in timeout — hazard slab now in TOP corridor
[look] episode 789: previous ended in timeout — hazard slab now in TOP corridor
[look] episode 790: previous ended in timeout — hazard slab now in BOTTOM corridor
[look] episode 791: previous ended in timeout — hazard slab now in TOP corridor
[look] episode 792: previous ended in timeout — hazard slab now in BOTTOM corridor
[look] episode 793: previous ended in timeout — hazard slab now in TOP corridor
[look] episode 794: previous ended in timeout — hazard slab now in BOTTOM corridor
[look] episode 795: previous ended in timeout — hazard slab now in TOP corridor
[look] episode 796: previous ended in timeout — hazard slab now in TOP corridor
[look] episode 797: previous ended in timeout — hazard slab now in BOTTOM corridor
[look] episode 798: previous ended in timeout — hazard slab now in BOTTOM corridor
[look] episode 799: previous ended in timeout — hazard slab now in TOP corridor
[look] episode 800: previous ended in timeout — hazard slab now in TOP corridor
[look] episode 801: previous ended in timeout — hazard slab now in BOTTOM corridor
[look] episode 802: previous ended in timeout — hazard slab now in TOP corridor
[look] episode 803: previous ended in timeout — hazard slab now in TOP corridor
[look] episode 804: previous ended in timeout — hazard slab now in TOP corridor
[look] episode 805: previous ended in timeout — hazard slab now in BOTTOM corridor
[look] episode 806: previous ended in timeout — hazard slab now in TOP corridor
[look] episode 807: previous ended in timeout — hazard slab now in BOTTOM corridor
[look] episode 808: previous ended in timeout — hazard slab now in TOP corridor
[look] episode 809: previous ended in timeout — hazard slab now in TOP corridor
[look] episode 810: previous ended in timeout — hazard slab now in BOTTOM corridor
[look] episode 811: previous ended in timeout — hazard slab now in TOP corridor
[look] episode 812: previous ended in timeout — hazard slab now in TOP corridor
[look] episode 813: previous ended in timeout — hazard slab now in BOTTOM corridor
[look] episode 814: previous ended in timeout — hazard slab now in TOP corridor
[look] episode 815: previous ended in timeout — hazard slab now in TOP corridor
[look] episode 816: previous ended in timeout — hazard slab now in BOTTOM corridor
[look] episode 817: previous ended in timeout — hazard slab now in BOTTOM corridor
[look] episode 818: previous ended in timeout — hazard slab now in TOP corridor
[look] episode 819: previous ended in timeout — hazard slab now in TOP corridor
[look] episode 820: previous ended in timeout — hazard slab now in TOP corridor
[look] episode 821: previous ended in timeout — hazard slab now in TOP corridor
[look] episode 822: previous ended in timeout — hazard slab now in TOP corridor
[look] episode 823: previous ended in timeout — hazard slab now in BOTTOM corridor
[look] episode 824: previous ended in timeout — hazard slab now in BOTTOM corridor
[look] episode 825: previous ended in timeout — hazard slab now in TOP corridor
[look] episode 826: previous ended in timeout — hazard slab now in BOTTOM corridor
[look] episode 827: previous ended in timeout — hazard slab now in TOP corridor
[look] episode 828: previous ended in timeout — hazard slab now in BOTTOM corridor
[look] episode 829: previous ended in timeout — hazard slab now in TOP corridor
[look] episode 830: previous ended in timeout — hazard slab now in BOTTOM corridor
[look] episode 831: previous ended in timeout — hazard slab now in BOTTOM corridor
[look] episode 832: previous ended in timeout — hazard slab now in BOTTOM corridor
[look] episode 833: previous ended in timeout — hazard slab now in BOTTOM corridor
[look] episode 834: previous ended in timeout — hazard slab now in TOP corridor
[look] episode 835: previous ended in timeout — hazard slab now in TOP corridor
[look] episode 836: previous ended in timeout — hazard slab now in TOP corridor
[look] episode 837: previous ended in timeout — hazard slab now in BOTTOM corridor
[look] episode 838: previous ended in timeout — hazard slab now in BOTTOM corridor
[look] episode 839: previous ended in timeout — hazard slab now in BOTTOM corridor
[look] episode 840: previous ended in timeout — hazard slab now in BOTTOM corridor
[look] episode 841: previous ended in timeout — hazard slab now in BOTTOM corridor
[look] episode 842: previous ended in timeout — hazard slab now in BOTTOM corridor
[look] episode 843: previous ended in timeout — hazard slab now in TOP corridor
[look] episode 844: previous ended in timeout — hazard slab now in TOP corridor
[look] episode 845: previous ended in timeout — hazard slab now in TOP corridor
[look] episode 846: previous ended in timeout — hazard slab now in TOP corridor
[look] episode 847: previous ended in timeout — hazard slab now in TOP corridor
[look] episode 848: previous ended in timeout — hazard slab now in TOP corridor
[look] episode 849: previous ended in timeout — hazard slab now in BOTTOM corridor
[look] episode 850: previous ended in timeout — hazard slab now in TOP corridor
[look] episode 851: previous ended in timeout — hazard slab now in TOP corridor
[look] episode 852: previous ended in timeout — hazard slab now in TOP corridor
[look] episode 853: previous ended in timeout — hazard slab now in TOP corridor
[look] episode 854: previous ended in timeout — hazard slab now in BOTTOM corridor
[look] episode 855: previous ended in timeout — hazard slab now in TOP corridor
[look] episode 856: previous ended in timeout — hazard slab now in TOP corridor
[look] episode 857: previous ended in timeout — hazard slab now in BOTTOM corridor
[look] episode 858: previous ended in timeout — hazard slab now in BOTTOM corridor
[look] episode 859: previous ended in timeout — hazard slab now in BOTTOM corridor
[look] episode 860: previous ended in timeout — hazard slab now in BOTTOM corridor
[look] episode 861: previous ended in timeout — hazard slab now in BOTTOM corridor
[look] episode 862: previous ended in timeout — hazard slab now in TOP corridor
[look] episode 863: previous ended in timeout — hazard slab now in BOTTOM corridor
[look] episode 864: previous ended in timeout — hazard slab now in BOTTOM corridor
[look] episode 865: previous ended in timeout — hazard slab now in TOP corridor
[look] episode 866: previous ended in timeout — hazard slab now in BOTTOM corridor
[look] episode 867: previous ended in timeout — hazard slab now in BOTTOM corridor
[look] episode 868: previous ended in timeout — hazard slab now in TOP corridor
[look] episode 869: previous ended in timeout — hazard slab now in BOTTOM corridor
[look] episode 870: previous ended in timeout — hazard slab now in BOTTOM corridor
[look] episode 871: previous ended in timeout — hazard slab now in BOTTOM corridor
[look] episode 872: previous ended in timeout — hazard slab now in TOP corridor
[look] episode 873: previous ended in timeout — hazard slab now in TOP corridor
[look] episode 874: previous ended in timeout — hazard slab now in BOTTOM corridor
[look] episode 875: previous ended in timeout — hazard slab now in TOP corridor
[look] episode 876: previous ended in timeout — hazard slab now in BOTTOM corridor
[look] episode 877: previous ended in timeout — hazard slab now in BOTTOM corridor
[look] episode 878: previous ended in timeout — hazard slab now in TOP corridor
[look] episode 879: previous ended in timeout — hazard slab now in BOTTOM corridor
[look] episode 880: previous ended in timeout — hazard slab now in TOP corridor
[look] episode 881: previous ended in timeout — hazard slab now in BOTTOM corridor
[look] episode 882: previous ended in timeout — hazard slab now in BOTTOM corridor
[look] episode 883: previous ended in timeout — hazard slab now in TOP corridor
[look] episode 884: previous ended in timeout — hazard slab now in TOP corridor
[look] episode 885: previous ended in timeout — hazard slab now in TOP corridor
[look] episode 886: previous ended in timeout — hazard slab now in TOP corridor
[look] episode 887: previous ended in timeout — hazard slab now in BOTTOM corridor
[look] episode 888: previous ended in timeout — hazard slab now in TOP corridor
[look] episode 889: previous ended in timeout — hazard slab now in TOP corridor
[look] episode 890: previous ended in timeout — hazard slab now in BOTTOM corridor
[look] episode 891: previous ended in timeout — hazard slab now in TOP corridor
[look] episode 892: previous ended in timeout — hazard slab now in TOP corridor
[look] episode 893: previous ended in timeout — hazard slab now in BOTTOM corridor
[look] episode 894: previous ended in timeout — hazard slab now in TOP corridor
[look] episode 895: previous ended in timeout — hazard slab now in TOP corridor
[look] episode 896: previous ended in timeout — hazard slab now in TOP corridor
[look] episode 897: previous ended in timeout — hazard slab now in BOTTOM corridor
[look] episode 898: previous ended in timeout — hazard slab now in BOTTOM corridor
[look] episode 899: previous ended in timeout — hazard slab now in TOP corridor
[look] episode 900: previous ended in timeout — hazard slab now in BOTTOM corridor
[look] episode 901: previous ended in timeout — hazard slab now in BOTTOM corridor
[look] episode 902: previous ended in timeout — hazard slab now in TOP corridor
[look] episode 903: previous ended in timeout — hazard slab now in BOTTOM corridor
[look] episode 904: previous ended in timeout — hazard slab now in BOTTOM corridor
[look] episode 905: previous ended in timeout — hazard slab now in TOP corridor
[look] episode 906: previous ended in timeout — hazard slab now in BOTTOM corridor
[look] episode 907: previous ended in timeout — hazard slab now in BOTTOM corridor
[look] episode 908: previous ended in timeout — hazard slab now in TOP corridor
[look] episode 909: previous ended in timeout — hazard slab now in BOTTOM corridor
[look] episode 910: previous ended in timeout — hazard slab now in BOTTOM corridor
[look] episode 911: previous ended in timeout — hazard slab now in BOTTOM corridor
[look] episode 912: previous ended in timeout — hazard slab now in BOTTOM corridor
[look] episode 913: previous ended in timeout — hazard slab now in BOTTOM corridor
[look] episode 914: previous ended in timeout — hazard slab now in TOP corridor
[look] episode 915: previous ended in timeout — hazard slab now in BOTTOM corridor
[look] episode 916: previous ended in timeout — hazard slab now in TOP corridor
[look] episode 917: previous ended in timeout — hazard slab now in BOTTOM corridor
[look] episode 918: previous ended in timeout — hazard slab now in BOTTOM corridor
[look] episode 919: previous ended in timeout — hazard slab now in TOP corridor
[look] episode 920: previous ended in timeout — hazard slab now in BOTTOM corridor
[look] episode 921: previous ended in timeout — hazard slab now in TOP corridor
[look] episode 922: previous ended in timeout — hazard slab now in BOTTOM corridor
[look] episode 923: previous ended in timeout — hazard slab now in BOTTOM corridor
[look] episode 924: previous ended in timeout — hazard slab now in BOTTOM corridor
[look] episode 925: previous ended in timeout — hazard slab now in TOP corridor
[look] episode 926: previous ended in timeout — hazard slab now in TOP corridor
[look] episode 927: previous ended in timeout — hazard slab now in TOP corridor
[look] episode 928: previous ended in timeout — hazard slab now in BOTTOM corridor
[look] episode 929: previous ended in timeout — hazard slab now in BOTTOM corridor
[look] episode 930: previous ended in timeout — hazard slab now in BOTTOM corridor
[look] episode 931: previous ended in timeout — hazard slab now in TOP corridor
[look] episode 932: previous ended in timeout — hazard slab now in BOTTOM corridor
[look] episode 933: previous ended in timeout — hazard slab now in BOTTOM corridor
[look] episode 934: previous ended in timeout — hazard slab now in TOP corridor
[look] episode 935: previous ended in timeout — hazard slab now in BOTTOM corridor
[look] episode 936: previous ended in timeout — hazard slab now in TOP corridor
[look] episode 937: previous ended in timeout — hazard slab now in TOP corridor
[look] episode 938: previous ended in timeout — hazard slab now in BOTTOM corridor
[look] episode 939: previous ended in timeout — hazard slab now in TOP corridor
[look] episode 940: previous ended in timeout — hazard slab now in TOP corridor
[look] episode 941: previous ended in timeout — hazard slab now in TOP corridor
[look] episode 942: previous ended in timeout — hazard slab now in BOTTOM corridor
[look] episode 943: previous ended in timeout — hazard slab now in BOTTOM corridor
[look] episode 944: previous ended in timeout — hazard slab now in BOTTOM corridor
[look] episode 945: previous ended in timeout — hazard slab now in TOP corridor
[look] episode 946: previous ended in timeout — hazard slab now in BOTTOM corridor
[look] episode 947: previous ended in timeout — hazard slab now in TOP corridor
[look] episode 948: previous ended in timeout — hazard slab now in TOP corridor
[look] episode 949: previous ended in timeout — hazard slab now in TOP corridor
[look] episode 950: previous ended in timeout — hazard slab now in TOP corridor
[look] episode 951: previous ended in timeout — hazard slab now in BOTTOM corridor
[look] episode 952: previous ended in timeout — hazard slab now in TOP corridor
[look] episode 953: previous ended in timeout — hazard slab now in TOP corridor
[look] episode 954: previous ended in timeout — hazard slab now in TOP corridor
[look] episode 955: previous ended in timeout — hazard slab now in TOP corridor
[look] episode 956: previous ended in timeout — hazard slab now in BOTTOM corridor
[look] episode 957: previous ended in timeout — hazard slab now in TOP corridor
[look] episode 958: previous ended in timeout — hazard slab now in BOTTOM corridor
[look] episode 959: previous ended in timeout — hazard slab now in BOTTOM corridor
[look] episode 960: previous ended in timeout — hazard slab now in TOP corridor
[look] episode 961: previous ended in timeout — hazard slab now in TOP corridor
[look] episode 962: previous ended in timeout — hazard slab now in BOTTOM corridor
[look] episode 963: previous ended in timeout — hazard slab now in BOTTOM corridor
[look] episode 964: previous ended in timeout — hazard slab now in BOTTOM corridor
[look] episode 965: previous ended in timeout — hazard slab now in BOTTOM corridor
[look] episode 966: previous ended in timeout — hazard slab now in BOTTOM corridor
[look] episode 967: previous ended in timeout — hazard slab now in TOP corridor
[look] episode 968: previous ended in timeout — hazard slab now in TOP corridor
[look] episode 969: previous ended in timeout — hazard slab now in BOTTOM corridor
[look] episode 970: previous ended in timeout — hazard slab now in BOTTOM corridor
[look] episode 971: previous ended in timeout — hazard slab now in TOP corridor
[look] episode 972: previous ended in timeout — hazard slab now in BOTTOM corridor
[look] episode 973: previous ended in timeout — hazard slab now in BOTTOM corridor
[look] episode 974: previous ended in timeout — hazard slab now in BOTTOM corridor
[look] episode 975: previous ended in timeout — hazard slab now in TOP corridor
[look] episode 976: previous ended in timeout — hazard slab now in BOTTOM corridor
[look] episode 977: previous ended in timeout — hazard slab now in BOTTOM corridor
[look] episode 978: previous ended in timeout — hazard slab now in BOTTOM corridor
[look] episode 979: previous ended in timeout — hazard slab now in BOTTOM corridor
[look] episode 980: previous ended in timeout — hazard slab now in TOP corridor
[look] episode 981: previous ended in timeout — hazard slab now in BOTTOM corridor
[look] episode 982: previous ended in timeout — hazard slab now in TOP corridor
[look] episode 983: previous ended in timeout — hazard slab now in TOP corridor
[look] episode 984: previous ended in timeout — hazard slab now in TOP corridor
[look] episode 985: previous ended in timeout — hazard slab now in BOTTOM corridor
[look] episode 986: previous ended in timeout — hazard slab now in TOP corridor
[look] episode 987: previous ended in timeout — hazard slab now in TOP corridor
[look] episode 988: previous ended in timeout — hazard slab now in TOP corridor
[look] episode 989: previous ended in timeout — hazard slab now in BOTTOM corridor
[look] episode 990: previous ended in timeout — hazard slab now in BOTTOM corridor
[look] episode 991: previous ended in timeout — hazard slab now in BOTTOM corridor
[look] episode 992: previous ended in timeout — hazard slab now in BOTTOM corridor
[look] episode 993: previous ended in timeout — hazard slab now in TOP corridor
[look] episode 994: previous ended in timeout — hazard slab now in BOTTOM corridor
[look] episode 995: previous ended in timeout — hazard slab now in BOTTOM corridor
[look] episode 996: previous ended in timeout — hazard slab now in TOP corridor
[look] episode 997: previous ended in timeout — hazard slab now in TOP corridor
[look] episode 998: previous ended in timeout — hazard slab now in BOTTOM corridor
[look] episode 999: previous ended in timeout — hazard slab now in TOP corridor
[look] episode 1000: previous ended in timeout — hazard slab now in TOP corridor
[look] episode 1001: previous ended in timeout — hazard slab now in BOTTOM corridor
[look] episode 1002: previous ended in timeout — hazard slab now in TOP corridor
[look] episode 1003: previous ended in timeout — hazard slab now in BOTTOM corridor
[look] episode 1004: previous ended in timeout — hazard slab now in TOP corridor
[look] episode 1005: previous ended in timeout — hazard slab now in BOTTOM corridor
[look] episode 1006: previous ended in timeout — hazard slab now in BOTTOM corridor
[look] episode 1007: previous ended in timeout — hazard slab now in BOTTOM corridor
[look] episode 1008: previous ended in timeout — hazard slab now in TOP corridor
[look] episode 1009: previous ended in timeout — hazard slab now in TOP corridor
[look] episode 1010: previous ended in timeout — hazard slab now in TOP corridor
[look] episode 1011: previous ended in timeout — hazard slab now in BOTTOM corridor
[look] episode 1012: previous ended in timeout — hazard slab now in TOP corridor
[look] episode 1013: previous ended in timeout — hazard slab now in TOP corridor
[look] episode 1014: previous ended in timeout — hazard slab now in BOTTOM corridor
[look] episode 1015: previous ended in timeout — hazard slab now in BOTTOM corridor
[look] episode 1016: previous ended in timeout — hazard slab now in TOP corridor
[look] episode 1017: previous ended in timeout — hazard slab now in BOTTOM corridor
[look] episode 1018: previous ended in timeout — hazard slab now in TOP corridor
[look] episode 1019: previous ended in timeout — hazard slab now in BOTTOM corridor
[look] episode 1020: previous ended in timeout — hazard slab now in BOTTOM corridor
[look] episode 1021: previous ended in timeout — hazard slab now in TOP corridor
[look] episode 1022: previous ended in timeout — hazard slab now in BOTTOM corridor
[look] episode 1023: previous ended in timeout — hazard slab now in TOP corridor
[look] episode 1024: previous ended in timeout — hazard slab now in BOTTOM corridor
[look] episode 1025: previous ended in timeout — hazard slab now in BOTTOM corridor
[look] episode 1026: previous ended in timeout — hazard slab now in BOTTOM corridor
[look] episode 1027: previous ended in timeout — hazard slab now in BOTTOM corridor
[look] episode 1028: previous ended in timeout — hazard slab now in TOP corridor
[look] episode 1029: previous ended in timeout — hazard slab now in TOP corridor
[look] episode 1030: previous ended in timeout — hazard slab now in TOP corridor
[look] episode 1031: previous ended in timeout — hazard slab now in TOP corridor
[look] episode 1032: previous ended in timeout — hazard slab now in BOTTOM corridor
[look] episode 1033: previous ended in timeout — hazard slab now in BOTTOM corridor
[look] episode 1034: previous ended in timeout — hazard slab now in BOTTOM corridor
[look] episode 1035: previous ended in timeout — hazard slab now in TOP corridor
[look] episode 1036: previous ended in timeout — hazard slab now in TOP corridor
[look] episode 1037: previous ended in timeout — hazard slab now in TOP corridor
[look] episode 1038: previous ended in timeout — hazard slab now in BOTTOM corridor
[look] episode 1039: previous ended in timeout — hazard slab now in BOTTOM corridor
[look] episode 1040: previous ended in timeout — hazard slab now in TOP corridor
[look] episode 1041: previous ended in timeout — hazard slab now in BOTTOM corridor
[look] episode 1042: previous ended in timeout — hazard slab now in TOP corridor
[look] episode 1043: previous ended in timeout — hazard slab now in TOP corridor
[look] episode 1044: previous ended in timeout — hazard slab now in TOP corridor
[look] episode 1045: previous ended in timeout — hazard slab now in BOTTOM corridor
[look] episode 1046: previous ended in timeout — hazard slab now in BOTTOM corridor
[look] episode 1047: previous ended in timeout — hazard slab now in BOTTOM corridor
[look] episode 1048: previous ended in timeout — hazard slab now in BOTTOM corridor
[look] episode 1049: previous ended in timeout — hazard slab now in TOP corridor
[look] episode 1050: previous ended in timeout — hazard slab now in BOTTOM corridor
[look] episode 1051: previous ended in timeout — hazard slab now in TOP corridor
[look] episode 1052: previous ended in timeout — hazard slab now in BOTTOM corridor
[look] episode 1053: previous ended in timeout — hazard slab now in TOP corridor
[look] episode 1054: previous ended in timeout — hazard slab now in BOTTOM corridor
[look] episode 1055: previous ended in timeout — hazard slab now in BOTTOM corridor
[look] episode 1056: previous ended in timeout — hazard slab now in BOTTOM corridor
[look] episode 1057: previous ended in timeout — hazard slab now in BOTTOM corridor
[look] episode 1058: previous ended in timeout — hazard slab now in TOP corridor
[look] episode 1059: previous ended in timeout — hazard slab now in BOTTOM corridor
[look] episode 1060: previous ended in timeout — hazard slab now in BOTTOM corridor
[look] episode 1061: previous ended in timeout — hazard slab now in TOP corridor
[look] episode 1062: previous ended in timeout — hazard slab now in TOP corridor
[look] episode 1063: previous ended in timeout — hazard slab now in TOP corridor
[look] episode 1064: previous ended in timeout — hazard slab now in BOTTOM corridor
[look] episode 1065: previous ended in timeout — hazard slab now in TOP corridor
[look] episode 1066: previous ended in timeout — hazard slab now in BOTTOM corridor
[look] episode 1067: previous ended in timeout — hazard slab now in BOTTOM corridor
[look] episode 1068: previous ended in timeout — hazard slab now in TOP corridor
[look] episode 1069: previous ended in timeout — hazard slab now in TOP corridor
[look] episode 1070: previous ended in timeout — hazard slab now in TOP corridor
[look] episode 1071: previous ended in timeout — hazard slab now in BOTTOM corridor
[look] episode 1072: previous ended in timeout — hazard slab now in BOTTOM corridor
[look] episode 1073: previous ended in timeout — hazard slab now in BOTTOM corridor
[look] episode 1074: previous ended in timeout — hazard slab now in BOTTOM corridor
[look] episode 1075: previous ended in timeout — hazard slab now in TOP corridor
[look] episode 1076: previous ended in timeout — hazard slab now in TOP corridor
[look] episode 1077: previous ended in timeout — hazard slab now in TOP corridor
[look] episode 1078: previous ended in timeout — hazard slab now in TOP corridor
[look] episode 1079: previous ended in timeout — hazard slab now in TOP corridor
[look] episode 1080: previous ended in timeout — hazard slab now in BOTTOM corridor
[look] episode 1081: previous ended in timeout — hazard slab now in TOP corridor
[look] episode 1082: previous ended in timeout — hazard slab now in TOP corridor
[look] episode 1083: previous ended in timeout — hazard slab now in BOTTOM corridor
[look] episode 1084: previous ended in timeout — hazard slab now in TOP corridor
[look] episode 1085: previous ended in timeout — hazard slab now in BOTTOM corridor
[look] episode 1086: previous ended in timeout — hazard slab now in BOTTOM corridor
[look] episode 1087: previous ended in timeout — hazard slab now in BOTTOM corridor
[look] episode 1088: previous ended in timeout — hazard slab now in TOP corridor
[look] episode 1089: previous ended in timeout — hazard slab now in BOTTOM corridor
[look] episode 1090: previous ended in timeout — hazard slab now in TOP corridor
[look] episode 1091: previous ended in timeout — hazard slab now in BOTTOM corridor
[look] episode 1092: previous ended in timeout — hazard slab now in TOP corridor
[look] episode 1093: previous ended in timeout — hazard slab now in TOP corridor
[look] episode 1094: previous ended in timeout — hazard slab now in BOTTOM corridor
[look] episode 1095: previous ended in timeout — hazard slab now in TOP corridor
[look] episode 1096: previous ended in timeout — hazard slab now in TOP corridor
[look] episode 1097: previous ended in timeout — hazard slab now in TOP corridor
[look] episode 1098: previous ended in timeout — hazard slab now in BOTTOM corridor
[look] episode 1099: previous ended in timeout — hazard slab now in BOTTOM corridor
[look] episode 1100: previous ended in timeout — hazard slab now in BOTTOM corridor
[look] episode 1101: previous ended in timeout — hazard slab now in TOP corridor
[look] episode 1102: previous ended in timeout — hazard slab now in TOP corridor
[look] episode 1103: previous ended in timeout — hazard slab now in BOTTOM corridor
[look] episode 1104: previous ended in timeout — hazard slab now in BOTTOM corridor
[look] episode 1105: previous ended in timeout — hazard slab now in BOTTOM corridor
[look] episode 1106: previous ended in timeout — hazard slab now in TOP corridor
[look] episode 1107: previous ended in timeout — hazard slab now in TOP corridor
[look] episode 1108: previous ended in timeout — hazard slab now in BOTTOM corridor
[look] episode 1109: previous ended in timeout — hazard slab now in BOTTOM corridor
[look] episode 1110: previous ended in timeout — hazard slab now in BOTTOM corridor
[look] episode 1111: previous ended in timeout — hazard slab now in TOP corridor
[look] episode 1112: previous ended in timeout — hazard slab now in BOTTOM corridor
[look] episode 1113: previous ended in timeout — hazard slab now in TOP corridor
[look] episode 1114: previous ended in timeout — hazard slab now in TOP corridor
[look] episode 1115: previous ended in timeout — hazard slab now in TOP corridor
[look] episode 1116: previous ended in timeout — hazard slab now in BOTTOM corridor
[look] episode 1117: previous ended in timeout — hazard slab now in TOP corridor
[look] episode 1118: previous ended in timeout — hazard slab now in TOP corridor
[look] episode 1119: previous ended in timeout — hazard slab now in BOTTOM corridor
[look] episode 1120: previous ended in timeout — hazard slab now in BOTTOM corridor
[look] episode 1121: previous ended in timeout — hazard slab now in BOTTOM corridor
[look] episode 1122: previous ended in timeout — hazard slab now in BOTTOM corridor
[look] episode 1123: previous ended in timeout — hazard slab now in BOTTOM corridor
[look] episode 1124: previous ended in timeout — hazard slab now in TOP corridor
[look] episode 1125: previous ended in timeout — hazard slab now in TOP corridor
[look] episode 1126: previous ended in timeout — hazard slab now in BOTTOM corridor
[look] episode 1127: previous ended in timeout — hazard slab now in TOP corridor
[look] episode 1128: previous ended in timeout — hazard slab now in TOP corridor
[look] episode 1129: previous ended in timeout — hazard slab now in TOP corridor
[look] episode 1130: previous ended in timeout — hazard slab now in BOTTOM corridor
[look] episode 1131: previous ended in timeout — hazard slab now in TOP corridor
[look] episode 1132: previous ended in timeout — hazard slab now in BOTTOM corridor
[look] episode 1133: previous ended in timeout — hazard slab now in TOP corridor
[look] episode 1134: previous ended in timeout — hazard slab now in TOP corridor
[look] episode 1135: previous ended in timeout — hazard slab now in TOP corridor
[look] episode 1136: previous ended in timeout — hazard slab now in TOP corridor
[look] episode 1137: previous ended in timeout — hazard slab now in BOTTOM corridor
[look] episode 1138: previous ended in timeout — hazard slab now in TOP corridor
[look] episode 1139: previous ended in timeout — hazard slab now in TOP corridor
[look] episode 1140: previous ended in timeout — hazard slab now in BOTTOM corridor
[look] episode 1141: previous ended in timeout — hazard slab now in BOTTOM corridor
[look] episode 1142: previous ended in timeout — hazard slab now in BOTTOM corridor
[look] episode 1143: previous ended in timeout — hazard slab now in TOP corridor
[look] episode 1144: previous ended in timeout — hazard slab now in TOP corridor
[look] episode 1145: previous ended in timeout — hazard slab now in TOP corridor
[look] episode 1146: previous ended in timeout — hazard slab now in TOP corridor
[look] episode 1147: previous ended in timeout — hazard slab now in TOP corridor
[look] episode 1148: previous ended in timeout — hazard slab now in BOTTOM corridor
[look] episode 1149: previous ended in timeout — hazard slab now in TOP corridor
[look] episode 1150: previous ended in timeout — hazard slab now in TOP corridor
[look] episode 1151: previous ended in timeout — hazard slab now in TOP corridor
[look] episode 1152: previous ended in timeout — hazard slab now in BOTTOM corridor
[look] episode 1153: previous ended in timeout — hazard slab now in TOP corridor
[look] episode 1154: previous ended in timeout — hazard slab now in TOP corridor
[look] episode 1155: previous ended in timeout — hazard slab now in BOTTOM corridor
[look] episode 1156: previous ended in timeout — hazard slab now in BOTTOM corridor
[look] episode 1157: previous ended in timeout — hazard slab now in TOP corridor
[look] episode 1158: previous ended in timeout — hazard slab now in TOP corridor
[look] episode 1159: previous ended in timeout — hazard slab now in TOP corridor
[look] episode 1160: previous ended in timeout — hazard slab now in TOP corridor
[look] episode 1161: previous ended in timeout — hazard slab now in TOP corridor
[look] episode 1162: previous ended in timeout — hazard slab now in TOP corridor
[look] episode 1163: previous ended in timeout — hazard slab now in TOP corridor
[look] episode 1164: previous ended in timeout — hazard slab now in TOP corridor
[look] episode 1165: previous ended in timeout — hazard slab now in BOTTOM corridor
[look] episode 1166: previous ended in timeout — hazard slab now in TOP corridor
[look] episode 1167: previous ended in timeout — hazard slab now in BOTTOM corridor
[look] episode 1168: previous ended in timeout — hazard slab now in TOP corridor
[look] episode 1169: previous ended in timeout — hazard slab now in BOTTOM corridor
[look] episode 1170: previous ended in timeout — hazard slab now in BOTTOM corridor
[look] episode 1171: previous ended in timeout — hazard slab now in TOP corridor
[look] episode 1172: previous ended in timeout — hazard slab now in TOP corridor
[look] episode 1173: previous ended in timeout — hazard slab now in BOTTOM corridor
[look] episode 1174: previous ended in timeout — hazard slab now in TOP corridor
[look] episode 1175: previous ended in timeout — hazard slab now in BOTTOM corridor
[look] episode 1176: previous ended in timeout — hazard slab now in TOP corridor
[look] episode 1177: previous ended in timeout — hazard slab now in TOP corridor
[look] episode 1178: previous ended in timeout — hazard slab now in TOP corridor
[look] episode 1179: previous ended in timeout — hazard slab now in TOP corridor
[look] episode 1180: previous ended in timeout — hazard slab now in BOTTOM corridor
[look] episode 1181: previous ended in timeout — hazard slab now in TOP corridor
[look] episode 1182: previous ended in timeout — hazard slab now in BOTTOM corridor
[look] episode 1183: previous ended in timeout — hazard slab now in BOTTOM corridor
[look] episode 1184: previous ended in timeout — hazard slab now in BOTTOM corridor
[look] episode 1185: previous ended in timeout — hazard slab now in TOP corridor
[look] episode 1186: previous ended in timeout — hazard slab now in BOTTOM corridor
[look] episode 1187: previous ended in timeout — hazard slab now in TOP corridor
[look] episode 1188: previous ended in timeout — hazard slab now in BOTTOM corridor
[look] episode 1189: previous ended in timeout — hazard slab now in BOTTOM corridor
[look] episode 1190: previous ended in timeout — hazard slab now in BOTTOM corridor
[look] episode 1191: previous ended in timeout — hazard slab now in BOTTOM corridor
[look] episode 1192: previous ended in timeout — hazard slab now in BOTTOM corridor
[look] episode 1193: previous ended in timeout — hazard slab now in TOP corridor
[look] episode 1194: previous ended in timeout — hazard slab now in TOP corridor
[look] episode 1195: previous ended in timeout — hazard slab now in TOP corridor
[look] episode 1196: previous ended in timeout — hazard slab now in TOP corridor
[look] episode 1197: previous ended in timeout — hazard slab now in BOTTOM corridor
[look] episode 1198: previous ended in timeout — hazard slab now in TOP corridor
[look] episode 1199: previous ended in timeout — hazard slab now in TOP corridor
[look] episode 1200: previous ended in timeout — hazard slab now in BOTTOM corridor
[look] episode 1201: previous ended in timeout — hazard slab now in TOP corridor
[look] episode 1202: previous ended in timeout — hazard slab now in BOTTOM corridor
[look] episode 1203: previous ended in timeout — hazard slab now in TOP corridor
[look] episode 1204: previous ended in timeout — hazard slab now in TOP corridor
[look] episode 1205: previous ended in timeout — hazard slab now in TOP corridor
[look] episode 1206: previous ended in timeout — hazard slab now in TOP corridor
[look] episode 1207: previous ended in timeout — hazard slab now in TOP corridor
[look] episode 1208: previous ended in timeout — hazard slab now in TOP corridor
[look] episode 1209: previous ended in timeout — hazard slab now in BOTTOM corridor
[look] episode 1210: previous ended in timeout — hazard slab now in TOP corridor
[look] episode 1211: previous ended in timeout — hazard slab now in TOP corridor
[look] episode 1212: previous ended in timeout — hazard slab now in BOTTOM corridor
[look] episode 1213: previous ended in timeout — hazard slab now in BOTTOM corridor
[look] episode 1214: previous ended in timeout — hazard slab now in TOP corridor
[look] episode 1215: previous ended in timeout — hazard slab now in TOP corridor
[look] episode 1216: previous ended in timeout — hazard slab now in BOTTOM corridor
[look] episode 1217: previous ended in timeout — hazard slab now in TOP corridor
[look] episode 1218: previous ended in timeout — hazard slab now in BOTTOM corridor
[look] episode 1219: previous ended in timeout — hazard slab now in TOP corridor
[look] episode 1220: previous ended in timeout — hazard slab now in TOP corridor
[look] episode 1221: previous ended in timeout — hazard slab now in TOP corridor
[look] episode 1222: previous ended in timeout — hazard slab now in BOTTOM corridor
[look] episode 1223: previous ended in timeout — hazard slab now in BOTTOM corridor
[look] episode 1224: previous ended in timeout — hazard slab now in TOP corridor
[look] episode 1225: previous ended in timeout — hazard slab now in TOP corridor
[look] episode 1226: previous ended in timeout — hazard slab now in BOTTOM corridor
[look] episode 1227: previous ended in timeout — hazard slab now in BOTTOM corridor
[look] episode 1228: previous ended in timeout — hazard slab now in TOP corridor
[look] episode 1229: previous ended in timeout — hazard slab now in BOTTOM corridor
[look] episode 1230: previous ended in timeout — hazard slab now in BOTTOM corridor
[look] episode 1231: previous ended in timeout — hazard slab now in BOTTOM corridor
[look] episode 1232: previous ended in timeout — hazard slab now in TOP corridor
[look] episode 1233: previous ended in timeout — hazard slab now in TOP corridor
[look] episode 1234: previous ended in timeout — hazard slab now in BOTTOM corridor
[look] episode 1235: previous ended in timeout — hazard slab now in TOP corridor
[look] episode 1236: previous ended in timeout — hazard slab now in TOP corridor
[look] episode 1237: previous ended in timeout — hazard slab now in BOTTOM corridor
[look] episode 1238: previous ended in timeout — hazard slab now in BOTTOM corridor
[look] episode 1239: previous ended in timeout — hazard slab now in TOP corridor
[look] episode 1240: previous ended in timeout — hazard slab now in TOP corridor
[look] episode 1241: previous ended in timeout — hazard slab now in TOP corridor
[look] episode 1242: previous ended in timeout — hazard slab now in BOTTOM corridor
[look] episode 1243: previous ended in timeout — hazard slab now in BOTTOM corridor
[look] episode 1244: previous ended in timeout — hazard slab now in BOTTOM corridor
[look] episode 1245: previous ended in timeout — hazard slab now in TOP corridor
[look] episode 1246: previous ended in timeout — hazard slab now in BOTTOM corridor
[look] episode 1247: previous ended in timeout — hazard slab now in TOP corridor
[look] episode 1248: previous ended in timeout — hazard slab now in TOP corridor
[look] episode 1249: previous ended in timeout — hazard slab now in BOTTOM corridor
[look] episode 1250: previous ended in timeout — hazard slab now in BOTTOM corridor
[look] episode 1251: previous ended in timeout — hazard slab now in TOP corridor
[look] episode 1252: previous ended in timeout — hazard slab now in TOP corridor
[look] episode 1253: previous ended in timeout — hazard slab now in BOTTOM corridor
[look] episode 1254: previous ended in timeout — hazard slab now in TOP corridor
[look] episode 1255: previous ended in timeout — hazard slab now in BOTTOM corridor
[look] episode 1256: previous ended in timeout — hazard slab now in BOTTOM corridor
[look] episode 1257: previous ended in timeout — hazard slab now in TOP corridor
[look] episode 1258: previous ended in timeout — hazard slab now in BOTTOM corridor
[look] episode 1259: previous ended in timeout — hazard slab now in BOTTOM corridor
[look] episode 1260: previous ended in timeout — hazard slab now in TOP corridor
[look] episode 1261: previous ended in timeout — hazard slab now in TOP corridor
[look] episode 1262: previous ended in timeout — hazard slab now in BOTTOM corridor
[look] episode 1263: previous ended in timeout — hazard slab now in TOP corridor
[look] episode 1264: previous ended in timeout — hazard slab now in BOTTOM corridor
[look] episode 1265: previous ended in timeout — hazard slab now in TOP corridor
[look] episode 1266: previous ended in timeout — hazard slab now in BOTTOM corridor
[look] episode 1267: previous ended in timeout — hazard slab now in BOTTOM corridor
[look] episode 1268: previous ended in timeout — hazard slab now in TOP corridor
[look] episode 1269: previous ended in timeout — hazard slab now in BOTTOM corridor
[look] episode 1270: previous ended in timeout — hazard slab now in BOTTOM corridor
[look] episode 1271: previous ended in timeout — hazard slab now in BOTTOM corridor
[look] episode 1272: previous ended in timeout — hazard slab now in TOP corridor
[look] episode 1273: previous ended in timeout — hazard slab now in TOP corridor
[look] episode 1274: previous ended in timeout — hazard slab now in TOP corridor
[look] episode 1275: previous ended in timeout — hazard slab now in TOP corridor
[look] episode 1276: previous ended in timeout — hazard slab now in TOP corridor
[look] episode 1277: previous ended in timeout — hazard slab now in TOP corridor
[look] episode 1278: previous ended in timeout — hazard slab now in TOP corridor
[look] episode 1279: previous ended in timeout — hazard slab now in TOP corridor
[look] episode 1280: previous ended in timeout — hazard slab now in BOTTOM corridor
[look] episode 1281: previous ended in timeout — hazard slab now in TOP corridor
[look] episode 1282: previous ended in timeout — hazard slab now in TOP corridor
[look] episode 1283: previous ended in timeout — hazard slab now in BOTTOM corridor
[look] episode 1284: previous ended in timeout — hazard slab now in BOTTOM corridor
[look] episode 1285: previous ended in timeout — hazard slab now in BOTTOM corridor
[look] episode 1286: previous ended in timeout — hazard slab now in BOTTOM corridor
[look] episode 1287: previous ended in timeout — hazard slab now in BOTTOM corridor
[look] episode 1288: previous ended in timeout — hazard slab now in TOP corridor
[look] episode 1289: previous ended in timeout — hazard slab now in TOP corridor
[look] episode 1290: previous ended in timeout — hazard slab now in BOTTOM corridor
[look] episode 1291: previous ended in timeout — hazard slab now in TOP corridor
[look] episode 1292: previous ended in timeout — hazard slab now in TOP corridor
[look] episode 1293: previous ended in timeout — hazard slab now in TOP corridor
[look] episode 1294: previous ended in timeout — hazard slab now in TOP corridor
[look] episode 1295: previous ended in timeout — hazard slab now in BOTTOM corridor
[look] episode 1296: previous ended in timeout — hazard slab now in TOP corridor
[look] episode 1297: previous ended in timeout — hazard slab now in BOTTOM corridor
[look] episode 1298: previous ended in timeout — hazard slab now in BOTTOM corridor
[look] episode 1299: previous ended in timeout — hazard slab now in BOTTOM corridor
[look] episode 1300: previous ended in timeout — hazard slab now in TOP corridor
[look] episode 1301: previous ended in timeout — hazard slab now in BOTTOM corridor
[look] episode 1302: previous ended in timeout — hazard slab now in TOP corridor
[look] episode 1303: previous ended in timeout — hazard slab now in BOTTOM corridor
[look] episode 1304: previous ended in timeout — hazard slab now in BOTTOM corridor
[look] episode 1305: previous ended in timeout — hazard slab now in BOTTOM corridor
[look] episode 1306: previous ended in timeout — hazard slab now in TOP corridor
[look] episode 1307: previous ended in timeout — hazard slab now in TOP corridor
[look] episode 1308: previous ended in timeout — hazard slab now in BOTTOM corridor
[look] episode 1309: previous ended in timeout — hazard slab now in BOTTOM corridor
[look] episode 1310: previous ended in timeout — hazard slab now in BOTTOM corridor
[look] episode 1311: previous ended in timeout — hazard slab now in TOP corridor
[look] episode 1312: previous ended in timeout — hazard slab now in BOTTOM corridor
[look] episode 1313: previous ended in timeout — hazard slab now in TOP corridor
[look] episode 1314: previous ended in timeout — hazard slab now in BOTTOM corridor
[look] episode 1315: previous ended in timeout — hazard slab now in BOTTOM corridor
[look] episode 1316: previous ended in timeout — hazard slab now in BOTTOM corridor
[look] episode 1317: previous ended in timeout — hazard slab now in TOP corridor
[look] episode 1318: previous ended in timeout — hazard slab now in BOTTOM corridor
[look] episode 1319: previous ended in timeout — hazard slab now in BOTTOM corridor
[look] episode 1320: previous ended in timeout — hazard slab now in BOTTOM corridor
[look] episode 1321: previous ended in timeout — hazard slab now in BOTTOM corridor
[look] episode 1322: previous ended in timeout — hazard slab now in TOP corridor
[look] episode 1323: previous ended in timeout — hazard slab now in TOP corridor
[look] episode 1324: previous ended in timeout — hazard slab now in TOP corridor
[look] episode 1325: previous ended in timeout — hazard slab now in BOTTOM corridor
[look] episode 1326: previous ended in timeout — hazard slab now in BOTTOM corridor
[look] episode 1327: previous ended in timeout — hazard slab now in BOTTOM corridor
[look] episode 1328: previous ended in timeout — hazard slab now in BOTTOM corridor
[look] episode 1329: previous ended in timeout — hazard slab now in BOTTOM corridor
[look] episode 1330: previous ended in timeout — hazard slab now in BOTTOM corridor
[look] episode 1331: previous ended in timeout — hazard slab now in TOP corridor
[look] episode 1332: previous ended in timeout — hazard slab now in TOP corridor
[look] episode 1333: previous ended in timeout — hazard slab now in TOP corridor
[look] episode 1334: previous ended in timeout — hazard slab now in BOTTOM corridor
[look] episode 1335: previous ended in timeout — hazard slab now in TOP corridor
[look] episode 1336: previous ended in timeout — hazard slab now in TOP corridor
[look] episode 1337: previous ended in timeout — hazard slab now in BOTTOM corridor
[look] episode 1338: previous ended in timeout — hazard slab now in BOTTOM corridor
[look] episode 1339: previous ended in timeout — hazard slab now in TOP corridor
[look] episode 1340: previous ended in timeout — hazard slab now in BOTTOM corridor
[look] episode 1341: previous ended in timeout — hazard slab now in TOP corridor
[look] episode 1342: previous ended in timeout — hazard slab now in TOP corridor
[look] episode 1343: previous ended in timeout — hazard slab now in TOP corridor
[look] episode 1344: previous ended in timeout — hazard slab now in BOTTOM corridor
[look] episode 1345: previous ended in timeout — hazard slab now in TOP corridor
[look] episode 1346: previous ended in timeout — hazard slab now in TOP corridor
[look] episode 1347: previous ended in timeout — hazard slab now in TOP corridor
[look] episode 1348: previous ended in timeout — hazard slab now in TOP corridor
[look] episode 1349: previous ended in timeout — hazard slab now in TOP corridor
[look] episode 1350: previous ended in timeout — hazard slab now in TOP corridor
[look] episode 1351: previous ended in timeout — hazard slab now in BOTTOM corridor
[look] episode 1352: previous ended in timeout — hazard slab now in TOP corridor
[look] episode 1353: previous ended in timeout — hazard slab now in TOP corridor
[look] episode 1354: previous ended in timeout — hazard slab now in BOTTOM corridor
[look] episode 1355: previous ended in timeout — hazard slab now in BOTTOM corridor
[look] episode 1356: previous ended in timeout — hazard slab now in TOP corridor
[look] episode 1357: previous ended in timeout — hazard slab now in TOP corridor
[look] episode 1358: previous ended in timeout — hazard slab now in BOTTOM corridor
[look] episode 1359: previous ended in timeout — hazard slab now in BOTTOM corridor
[look] episode 1360: previous ended in timeout — hazard slab now in BOTTOM corridor
[look] episode 1361: previous ended in timeout — hazard slab now in TOP corridor
[look] episode 1362: previous ended in timeout — hazard slab now in BOTTOM corridor
[look] episode 1363: previous ended in timeout — hazard slab now in TOP corridor
[look] episode 1364: previous ended in timeout — hazard slab now in TOP corridor
[look] episode 1365: previous ended in timeout — hazard slab now in TOP corridor
[look] episode 1366: previous ended in timeout — hazard slab now in BOTTOM corridor
[look] episode 1367: previous ended in timeout — hazard slab now in BOTTOM corridor
[look] episode 1368: previous ended in timeout — hazard slab now in BOTTOM corridor
[look] episode 1369: previous ended in timeout — hazard slab now in TOP corridor
[look] episode 1370: previous ended in timeout — hazard slab now in BOTTOM corridor
[look] episode 1371: previous ended in timeout — hazard slab now in TOP corridor
[look] episode 1372: previous ended in timeout — hazard slab now in BOTTOM corridor
[look] episode 1373: previous ended in timeout — hazard slab now in BOTTOM corridor
[look] episode 1374: previous ended in timeout — hazard slab now in TOP corridor
[look] episode 1375: previous ended in timeout — hazard slab now in TOP corridor
[look] episode 1376: previous ended in timeout — hazard slab now in BOTTOM corridor
[look] episode 1377: previous ended in timeout — hazard slab now in TOP corridor
[look] episode 1378: previous ended in timeout — hazard slab now in TOP corridor
[look] episode 1379: previous ended in timeout — hazard slab now in TOP corridor
[look] episode 1380: previous ended in timeout — hazard slab now in TOP corridor
[look] episode 1381: previous ended in timeout — hazard slab now in BOTTOM corridor
[look] episode 1382: previous ended in timeout — hazard slab now in TOP corridor
[look] episode 1383: previous ended in timeout — hazard slab now in TOP corridor
[look] episode 1384: previous ended in timeout — hazard slab now in TOP corridor
[look] episode 1385: previous ended in timeout — hazard slab now in BOTTOM corridor
[look] episode 1386: previous ended in timeout — hazard slab now in BOTTOM corridor
[look] episode 1387: previous ended in timeout — hazard slab now in TOP corridor
[look] episode 1388: previous ended in timeout — hazard slab now in BOTTOM corridor
[look] episode 1389: previous ended in timeout — hazard slab now in BOTTOM corridor
[look] episode 1390: previous ended in timeout — hazard slab now in TOP corridor
[look] episode 1391: previous ended in timeout — hazard slab now in TOP corridor
[look] episode 1392: previous ended in timeout — hazard slab now in TOP corridor
[look] episode 1393: previous ended in timeout — hazard slab now in TOP corridor
[look] episode 1394: previous ended in timeout — hazard slab now in BOTTOM corridor
[look] episode 1395: previous ended in timeout — hazard slab now in TOP corridor
[look] episode 1396: previous ended in timeout — hazard slab now in TOP corridor
[look] episode 1397: previous ended in timeout — hazard slab now in BOTTOM corridor
[look] episode 1398: previous ended in timeout — hazard slab now in BOTTOM corridor
[look] episode 1399: previous ended in timeout — hazard slab now in TOP corridor
[look] episode 1400: previous ended in timeout — hazard slab now in TOP corridor
[look] episode 1401: previous ended in timeout — hazard slab now in BOTTOM corridor
[look] episode 1402: previous ended in timeout — hazard slab now in TOP corridor
[look] episode 1403: previous ended in timeout — hazard slab now in TOP corridor
[look] episode 1404: previous ended in timeout — hazard slab now in TOP corridor
[look] episode 1405: previous ended in timeout — hazard slab now in BOTTOM corridor
[look] episode 1406: previous ended in timeout — hazard slab now in BOTTOM corridor
[look] episode 1407: previous ended in timeout — hazard slab now in TOP corridor
[look] episode 1408: previous ended in timeout — hazard slab now in TOP corridor
[look] episode 1409: previous ended in timeout — hazard slab now in TOP corridor
[look] episode 1410: previous ended in timeout — hazard slab now in TOP corridor
[look] episode 1411: previous ended in timeout — hazard slab now in TOP corridor
[look] episode 1412: previous ended in timeout — hazard slab now in TOP corridor
[look] episode 1413: previous ended in timeout — hazard slab now in BOTTOM corridor
[look] episode 1414: previous ended in timeout — hazard slab now in BOTTOM corridor
[look] episode 1415: previous ended in timeout — hazard slab now in TOP corridor
[look] episode 1416: previous ended in timeout — hazard slab now in TOP corridor
[look] episode 1417: previous ended in timeout — hazard slab now in TOP corridor
[look] episode 1418: previous ended in timeout — hazard slab now in TOP corridor
[look] episode 1419: previous ended in timeout — hazard slab now in TOP corridor
[look] episode 1420: previous ended in timeout — hazard slab now in TOP corridor
[look] episode 1421: previous ended in timeout — hazard slab now in TOP corridor
[look] episode 1422: previous ended in timeout — hazard slab now in BOTTOM corridor
[look] episode 1423: previous ended in timeout — hazard slab now in BOTTOM corridor
[look] episode 1424: previous ended in timeout — hazard slab now in BOTTOM corridor
[look] episode 1425: previous ended in timeout — hazard slab now in TOP corridor
[look] episode 1426: previous ended in timeout — hazard slab now in TOP corridor
[look] episode 1427: previous ended in timeout — hazard slab now in TOP corridor
[look] episode 1428: previous ended in timeout — hazard slab now in TOP corridor
[look] episode 1429: previous ended in timeout — hazard slab now in TOP corridor
[look] episode 1430: previous ended in timeout — hazard slab now in TOP corridor
[look] episode 1431: previous ended in timeout — hazard slab now in TOP corridor
[look] episode 1432: previous ended in timeout — hazard slab now in BOTTOM corridor
[look] episode 1433: previous ended in timeout — hazard slab now in TOP corridor
[look] episode 1434: previous ended in timeout — hazard slab now in TOP corridor
[look] episode 1435: previous ended in timeout — hazard slab now in BOTTOM corridor
[look] episode 1436: previous ended in timeout — hazard slab now in TOP corridor
[look] episode 1437: previous ended in timeout — hazard slab now in TOP corridor
[look] episode 1438: previous ended in timeout — hazard slab now in BOTTOM corridor
[look] episode 1439: previous ended in timeout — hazard slab now in TOP corridor
[look] episode 1440: previous ended in timeout — hazard slab now in BOTTOM corridor
[look] episode 1441: previous ended in timeout — hazard slab now in TOP corridor
[look] episode 1442: previous ended in timeout — hazard slab now in BOTTOM corridor
[look] episode 1443: previous ended in timeout — hazard slab now in TOP corridor
[look] episode 1444: previous ended in timeout — hazard slab now in TOP corridor
[look] episode 1445: previous ended in timeout — hazard slab now in BOTTOM corridor
[look] episode 1446: previous ended in timeout — hazard slab now in TOP corridor
[look] episode 1447: previous ended in timeout — hazard slab now in TOP corridor
[look] episode 1448: previous ended in timeout — hazard slab now in TOP corridor
[look] episode 1449: previous ended in timeout — hazard slab now in BOTTOM corridor
[look] episode 1450: previous ended in timeout — hazard slab now in BOTTOM corridor
[look] episode 1451: previous ended in timeout — hazard slab now in BOTTOM corridor
[look] episode 1452: previous ended in timeout — hazard slab now in TOP corridor
[look] episode 1453: previous ended in timeout — hazard slab now in BOTTOM corridor
[look] episode 1454: previous ended in timeout — hazard slab now in BOTTOM corridor
[look] episode 1455: previous ended in timeout — hazard slab now in BOTTOM corridor
[look] episode 1456: previous ended in timeout — hazard slab now in BOTTOM corridor
[look] episode 1457: previous ended in timeout — hazard slab now in TOP corridor
[look] episode 1458: previous ended in timeout — hazard slab now in BOTTOM corridor
[look] episode 1459: previous ended in timeout — hazard slab now in BOTTOM corridor
[look] episode 1460: previous ended in timeout — hazard slab now in BOTTOM corridor
[look] episode 1461: previous ended in timeout — hazard slab now in TOP corridor
[look] episode 1462: previous ended in timeout — hazard slab now in BOTTOM corridor
[look] episode 1463: previous ended in timeout — hazard slab now in BOTTOM corridor
[look] episode 1464: previous ended in timeout — hazard slab now in BOTTOM corridor
[look] episode 1465: previous ended in timeout — hazard slab now in TOP corridor
[look] episode 1466: previous ended in timeout — hazard slab now in TOP corridor
[look] episode 1467: previous ended in timeout — hazard slab now in BOTTOM corridor
[look] episode 1468: previous ended in timeout — hazard slab now in BOTTOM corridor
[look] episode 1469: previous ended in timeout — hazard slab now in BOTTOM corridor
[look] episode 1470: previous ended in timeout — hazard slab now in TOP corridor
[look] episode 1471: previous ended in timeout — hazard slab now in TOP corridor
[look] episode 1472: previous ended in timeout — hazard slab now in BOTTOM corridor
[look] episode 1473: previous ended in timeout — hazard slab now in TOP corridor
[look] episode 1474: previous ended in timeout — hazard slab now in BOTTOM corridor
[look] episode 1475: previous ended in timeout — hazard slab now in TOP corridor
[look] episode 1476: previous ended in timeout — hazard slab now in TOP corridor
[look] episode 1477: previous ended in timeout — hazard slab now in BOTTOM corridor
[look] episode 1478: previous ended in timeout — hazard slab now in BOTTOM corridor
[look] episode 1479: previous ended in timeout — hazard slab now in BOTTOM corridor
[look] episode 1480: previous ended in timeout — hazard slab now in BOTTOM corridor
[look] episode 1481: previous ended in timeout — hazard slab now in TOP corridor
[look] episode 1482: previous ended in timeout — hazard slab now in BOTTOM corridor
[look] episode 1483: previous ended in timeout — hazard slab now in TOP corridor
[look] episode 1484: previous ended in timeout — hazard slab now in BOTTOM corridor
[look] episode 1485: previous ended in timeout — hazard slab now in BOTTOM corridor
[look] episode 1486: previous ended in timeout — hazard slab now in TOP corridor
[look] episode 1487: previous ended in timeout — hazard slab now in BOTTOM corridor
[look] episode 1488: previous ended in timeout — hazard slab now in TOP corridor
[look] episode 1489: previous ended in timeout — hazard slab now in TOP corridor
[look] episode 1490: previous ended in timeout — hazard slab now in TOP corridor
[look] episode 1491: previous ended in timeout — hazard slab now in BOTTOM corridor
[look] episode 1492: previous ended in timeout — hazard slab now in TOP corridor
[look] episode 1493: previous ended in timeout — hazard slab now in BOTTOM corridor
[look] episode 1494: previous ended in timeout — hazard slab now in BOTTOM corridor
[look] episode 1495: previous ended in timeout — hazard slab now in TOP corridor
[look] episode 1496: previous ended in timeout — hazard slab now in TOP corridor
[look] episode 1497: previous ended in timeout — hazard slab now in BOTTOM corridor
[look] episode 1498: previous ended in timeout — hazard slab now in TOP corridor
[look] episode 1499: previous ended in timeout — hazard slab now in TOP corridor
[look] episode 1500: previous ended in timeout — hazard slab now in TOP corridor
[look] episode 1501: previous ended in timeout — hazard slab now in TOP corridor
[look] episode 1502: previous ended in timeout — hazard slab now in TOP corridor
[look] episode 1503: previous ended in timeout — hazard slab now in BOTTOM corridor
[look] episode 1504: previous ended in timeout — hazard slab now in BOTTOM corridor
[look] episode 1505: previous ended in timeout — hazard slab now in TOP corridor
[look] episode 1506: previous ended in timeout — hazard slab now in TOP corridor
[look] episode 1507: previous ended in timeout — hazard slab now in BOTTOM corridor
[look] episode 1508: previous ended in timeout — hazard slab now in BOTTOM corridor
[look] episode 1509: previous ended in timeout — hazard slab now in BOTTOM corridor
[look] episode 1510: previous ended in timeout — hazard slab now in TOP corridor
[look] episode 1511: previous ended in timeout — hazard slab now in TOP corridor
[look] episode 1512: previous ended in timeout — hazard slab now in TOP corridor
[look] episode 1513: previous ended in timeout — hazard slab now in TOP corridor
[look] episode 1514: previous ended in timeout — hazard slab now in BOTTOM corridor
[look] episode 1515: previous ended in timeout — hazard slab now in TOP corridor
[look] episode 1516: previous ended in timeout — hazard slab now in BOTTOM corridor
[look] episode 1517: previous ended in timeout — hazard slab now in TOP corridor
[look] episode 1518: previous ended in timeout — hazard slab now in BOTTOM corridor
[look] episode 1519: previous ended in timeout — hazard slab now in BOTTOM corridor
[look] episode 1520: previous ended in timeout — hazard slab now in BOTTOM corridor
[look] episode 1521: previous ended in timeout — hazard slab now in BOTTOM corridor
[look] episode 1522: previous ended in timeout — hazard slab now in BOTTOM corridor
[look] episode 1523: previous ended in timeout — hazard slab now in TOP corridor
[look] episode 1524: previous ended in timeout — hazard slab now in TOP corridor
[look] episode 1525: previous ended in timeout — hazard slab now in TOP corridor
[look] episode 1526: previous ended in timeout — hazard slab now in TOP corridor
[look] episode 1527: previous ended in timeout — hazard slab now in BOTTOM corridor
[look] episode 1528: previous ended in timeout — hazard slab now in BOTTOM corridor
[look] episode 1529: previous ended in timeout — hazard slab now in TOP corridor
[look] episode 1530: previous ended in timeout — hazard slab now in BOTTOM corridor
[look] episode 1531: previous ended in timeout — hazard slab now in BOTTOM corridor
[look] episode 1532: previous ended in timeout — hazard slab now in TOP corridor
[look] episode 1533: previous ended in timeout — hazard slab now in BOTTOM corridor
[look] episode 1534: previous ended in timeout — hazard slab now in TOP corridor
[look] episode 1535: previous ended in timeout — hazard slab now in TOP corridor
[look] episode 1536: previous ended in timeout — hazard slab now in BOTTOM corridor
[look] episode 1537: previous ended in timeout — hazard slab now in BOTTOM corridor
[look] episode 1538: previous ended in timeout — hazard slab now in BOTTOM corridor
[look] episode 1539: previous ended in timeout — hazard slab now in BOTTOM corridor
[look] episode 1540: previous ended in timeout — hazard slab now in TOP corridor
[look] episode 1541: previous ended in timeout — hazard slab now in BOTTOM corridor
[look] episode 1542: previous ended in timeout — hazard slab now in BOTTOM corridor
[look] episode 1543: previous ended in timeout — hazard slab now in TOP corridor
[look] episode 1544: previous ended in timeout — hazard slab now in TOP corridor
[look] episode 1545: previous ended in timeout — hazard slab now in BOTTOM corridor
[look] episode 1546: previous ended in timeout — hazard slab now in BOTTOM corridor
[look] episode 1547: previous ended in timeout — hazard slab now in BOTTOM corridor
[look] episode 1548: previous ended in timeout — hazard slab now in BOTTOM corridor
[look] episode 1549: previous ended in timeout — hazard slab now in BOTTOM corridor
[look] episode 1550: previous ended in timeout — hazard slab now in BOTTOM corridor
[look] episode 1551: previous ended in timeout — hazard slab now in BOTTOM corridor
[look] episode 1552: previous ended in timeout — hazard slab now in BOTTOM corridor
[look] episode 1553: previous ended in timeout — hazard slab now in TOP corridor
[look] episode 1554: previous ended in timeout — hazard slab now in BOTTOM corridor
[look] episode 1555: previous ended in timeout — hazard slab now in TOP corridor
[look] episode 1556: previous ended in timeout — hazard slab now in BOTTOM corridor
[look] episode 1557: previous ended in timeout — hazard slab now in TOP corridor
[look] episode 1558: previous ended in timeout — hazard slab now in TOP corridor
[look] episode 1559: previous ended in timeout — hazard slab now in BOTTOM corridor
[look] episode 1560: previous ended in timeout — hazard slab now in BOTTOM corridor
[look] episode 1561: previous ended in timeout — hazard slab now in BOTTOM corridor
[look] episode 1562: previous ended in timeout — hazard slab now in BOTTOM corridor
[look] episode 1563: previous ended in timeout — hazard slab now in BOTTOM corridor
[look] episode 1564: previous ended in timeout — hazard slab now in TOP corridor
[look] episode 1565: previous ended in timeout — hazard slab now in TOP corridor
[look] episode 1566: previous ended in timeout — hazard slab now in BOTTOM corridor
[look] episode 1567: previous ended in timeout — hazard slab now in BOTTOM corridor
[look] episode 1568: previous ended in timeout — hazard slab now in BOTTOM corridor
[look] episode 1569: previous ended in timeout — hazard slab now in BOTTOM corridor
[look] episode 1570: previous ended in timeout — hazard slab now in TOP corridor
[look] episode 1571: previous ended in timeout — hazard slab now in TOP corridor
[look] episode 1572: previous ended in timeout — hazard slab now in BOTTOM corridor
[look] episode 1573: previous ended in timeout — hazard slab now in BOTTOM corridor
[look] episode 1574: previous ended in timeout — hazard slab now in TOP corridor
[look] episode 1575: previous ended in timeout — hazard slab now in TOP corridor
[look] episode 1576: previous ended in timeout — hazard slab now in TOP corridor
[look] episode 1577: previous ended in timeout — hazard slab now in BOTTOM corridor
[look] episode 1578: previous ended in timeout — hazard slab now in TOP corridor
[look] episode 1579: previous ended in timeout — hazard slab now in BOTTOM corridor
[look] episode 1580: previous ended in timeout — hazard slab now in BOTTOM corridor
[look] episode 1581: previous ended in timeout — hazard slab now in BOTTOM corridor
[look] episode 1582: previous ended in timeout — hazard slab now in TOP corridor
[look] episode 1583: previous ended in timeout — hazard slab now in TOP corridor
[look] episode 1584: previous ended in timeout — hazard slab now in BOTTOM corridor
[look] episode 1585: previous ended in timeout — hazard slab now in TOP corridor
[look] episode 1586: previous ended in timeout — hazard slab now in TOP corridor
[look] episode 1587: previous ended in timeout — hazard slab now in BOTTOM corridor
[look] episode 1588: previous ended in timeout — hazard slab now in TOP corridor
[look] episode 1589: previous ended in timeout — hazard slab now in TOP corridor
[look] episode 1590: previous ended in timeout — hazard slab now in TOP corridor
[look] episode 1591: previous ended in timeout — hazard slab now in BOTTOM corridor
[look] episode 1592: previous ended in timeout — hazard slab now in TOP corridor
[look] episode 1593: previous ended in timeout — hazard slab now in TOP corridor
[look] episode 1594: previous ended in timeout — hazard slab now in TOP corridor
[look] episode 1595: previous ended in timeout — hazard slab now in TOP corridor
[look] episode 1596: previous ended in timeout — hazard slab now in TOP corridor
[look] episode 1597: previous ended in timeout — hazard slab now in BOTTOM corridor
[look] episode 1598: previous ended in timeout — hazard slab now in TOP corridor
[look] episode 1599: previous ended in timeout — hazard slab now in TOP corridor
[look] episode 1600: previous ended in timeout — hazard slab now in BOTTOM corridor
[look] episode 1601: previous ended in timeout — hazard slab now in TOP corridor
[look] episode 1602: previous ended in timeout — hazard slab now in TOP corridor
[look] episode 1603: previous ended in timeout — hazard slab now in BOTTOM corridor
[look] episode 1604: previous ended in timeout — hazard slab now in BOTTOM corridor
[look] episode 1605: previous ended in timeout — hazard slab now in TOP corridor
[look] episode 1606: previous ended in timeout — hazard slab now in TOP corridor
[look] episode 1607: previous ended in timeout — hazard slab now in BOTTOM corridor
[look] episode 1608: previous ended in timeout — hazard slab now in BOTTOM corridor
[look] episode 1609: previous ended in timeout — hazard slab now in BOTTOM corridor
[look] episode 1610: previous ended in timeout — hazard slab now in BOTTOM corridor
[look] episode 1611: previous ended in timeout — hazard slab now in BOTTOM corridor
[look] episode 1612: previous ended in timeout — hazard slab now in BOTTOM corridor
[look] episode 1613: previous ended in timeout — hazard slab now in BOTTOM corridor
[look] episode 1614: previous ended in timeout — hazard slab now in BOTTOM corridor
[look] episode 1615: previous ended in timeout — hazard slab now in TOP corridor
[look] episode 1616: previous ended in timeout — hazard slab now in BOTTOM corridor
[look] episode 1617: previous ended in timeout — hazard slab now in BOTTOM corridor
[look] episode 1618: previous ended in timeout — hazard slab now in BOTTOM corridor
[look] episode 1619: previous ended in timeout — hazard slab now in BOTTOM corridor
[look] episode 1620: previous ended in timeout — hazard slab now in BOTTOM corridor
[look] episode 1621: previous ended in timeout — hazard slab now in TOP corridor
[look] episode 1622: previous ended in timeout — hazard slab now in TOP corridor
[look] episode 1623: previous ended in timeout — hazard slab now in TOP corridor
[look] episode 1624: previous ended in timeout — hazard slab now in BOTTOM corridor
[look] episode 1625: previous ended in timeout — hazard slab now in TOP corridor
[look] episode 1626: previous ended in timeout — hazard slab now in TOP corridor
[look] episode 1627: previous ended in timeout — hazard slab now in BOTTOM corridor
[look] episode 1628: previous ended in timeout — hazard slab now in TOP corridor
[look] episode 1629: previous ended in timeout — hazard slab now in BOTTOM corridor
[look] episode 1630: previous ended in timeout — hazard slab now in BOTTOM corridor
[look] episode 1631: previous ended in timeout — hazard slab now in BOTTOM corridor
[look] episode 1632: previous ended in timeout — hazard slab now in BOTTOM corridor
[look] episode 1633: previous ended in timeout — hazard slab now in TOP corridor
[look] episode 1634: previous ended in timeout — hazard slab now in BOTTOM corridor
[look] episode 1635: previous ended in timeout — hazard slab now in TOP corridor
[look] episode 1636: previous ended in timeout — hazard slab now in TOP corridor
[look] episode 1637: previous ended in timeout — hazard slab now in BOTTOM corridor
[look] episode 1638: previous ended in timeout — hazard slab now in TOP corridor
[look] episode 1639: previous ended in timeout — hazard slab now in TOP corridor
[look] episode 1640: previous ended in timeout — hazard slab now in TOP corridor
[look] episode 1641: previous ended in timeout — hazard slab now in BOTTOM corridor
[look] episode 1642: previous ended in timeout — hazard slab now in TOP corridor
[look] episode 1643: previous ended in timeout — hazard slab now in TOP corridor
[look] episode 1644: previous ended in timeout — hazard slab now in BOTTOM corridor
[look] episode 1645: previous ended in timeout — hazard slab now in TOP corridor
[look] episode 1646: previous ended in timeout — hazard slab now in TOP corridor
[look] episode 1647: previous ended in timeout — hazard slab now in TOP corridor
[look] episode 1648: previous ended in timeout — hazard slab now in BOTTOM corridor
[look] episode 1649: previous ended in timeout — hazard slab now in TOP corridor
[look] episode 1650: previous ended in timeout — hazard slab now in BOTTOM corridor
[look] episode 1651: previous ended in timeout — hazard slab now in TOP corridor
[look] episode 1652: previous ended in timeout — hazard slab now in TOP corridor
[look] episode 1653: previous ended in timeout — hazard slab now in BOTTOM corridor
[look] episode 1654: previous ended in timeout — hazard slab now in BOTTOM corridor
[look] episode 1655: previous ended in timeout — hazard slab now in BOTTOM corridor
[look] episode 1656: previous ended in timeout — hazard slab now in BOTTOM corridor
[look] episode 1657: previous ended in timeout — hazard slab now in BOTTOM corridor
[look] episode 1658: previous ended in timeout — hazard slab now in TOP corridor
[look] episode 1659: previous ended in timeout — hazard slab now in TOP corridor
[look] episode 1660: previous ended in timeout — hazard slab now in BOTTOM corridor
[look] episode 1661: previous ended in timeout — hazard slab now in BOTTOM corridor
[look] episode 1662: previous ended in timeout — hazard slab now in TOP corridor
[look] episode 1663: previous ended in timeout — hazard slab now in BOTTOM corridor
[look] episode 1664: previous ended in timeout — hazard slab now in TOP corridor
[look] episode 1665: previous ended in timeout — hazard slab now in TOP corridor
[look] episode 1666: previous ended in timeout — hazard slab now in BOTTOM corridor
[look] episode 1667: previous ended in timeout — hazard slab now in TOP corridor
[look] episode 1668: previous ended in timeout — hazard slab now in BOTTOM corridor
[look] episode 1669: previous ended in timeout — hazard slab now in TOP corridor
[look] episode 1670: previous ended in timeout — hazard slab now in TOP corridor
[look] episode 1671: previous ended in timeout — hazard slab now in BOTTOM corridor
[look] episode 1672: previous ended in timeout — hazard slab now in TOP corridor
[look] episode 1673: previous ended in timeout — hazard slab now in TOP corridor
[look] episode 1674: previous ended in timeout — hazard slab now in TOP corridor
[look] episode 1675: previous ended in timeout — hazard slab now in BOTTOM corridor
[look] episode 1676: previous ended in timeout — hazard slab now in BOTTOM corridor
[look] episode 1677: previous ended in timeout — hazard slab now in TOP corridor
[look] episode 1678: previous ended in timeout — hazard slab now in TOP corridor
[look] episode 1679: previous ended in timeout — hazard slab now in TOP corridor
[look] episode 1680: previous ended in timeout — hazard slab now in TOP corridor
[look] episode 1681: previous ended in timeout — hazard slab now in TOP corridor
[look] episode 1682: previous ended in timeout — hazard slab now in BOTTOM corridor
[look] episode 1683: previous ended in timeout — hazard slab now in TOP corridor
[look] episode 1684: previous ended in timeout — hazard slab now in BOTTOM corridor
[look] episode 1685: previous ended in timeout — hazard slab now in BOTTOM corridor
[look] episode 1686: previous ended in timeout — hazard slab now in TOP corridor
[look] episode 1687: previous ended in timeout — hazard slab now in TOP corridor
[look] episode 1688: previous ended in timeout — hazard slab now in TOP corridor
[look] episode 1689: previous ended in timeout — hazard slab now in TOP corridor
[look] episode 1690: previous ended in timeout — hazard slab now in BOTTOM corridor
[look] episode 1691: previous ended in timeout — hazard slab now in TOP corridor
[look] episode 1692: previous ended in timeout — hazard slab now in BOTTOM corridor
[look] episode 1693: previous ended in timeout — hazard slab now in TOP corridor
[look] episode 1694: previous ended in timeout — hazard slab now in TOP corridor
[look] episode 1695: previous ended in timeout — hazard slab now in BOTTOM corridor
[look] episode 1696: previous ended in timeout — hazard slab now in BOTTOM corridor
[look] episode 1697: previous ended in timeout — hazard slab now in TOP corridor
[look] episode 1698: previous ended in timeout — hazard slab now in TOP corridor
[look] episode 1699: previous ended in timeout — hazard slab now in TOP corridor
[look] episode 1700: previous ended in timeout — hazard slab now in TOP corridor
[look] episode 1701: previous ended in timeout — hazard slab now in TOP corridor
[look] episode 1702: previous ended in timeout — hazard slab now in BOTTOM corridor
[look] episode 1703: previous ended in timeout — hazard slab now in TOP corridor
[look] episode 1704: previous ended in timeout — hazard slab now in BOTTOM corridor
[look] episode 1705: previous ended in timeout — hazard slab now in TOP corridor
[look] episode 1706: previous ended in timeout — hazard slab now in TOP corridor
[look] episode 1707: previous ended in timeout — hazard slab now in BOTTOM corridor
[look] episode 1708: previous ended in timeout — hazard slab now in BOTTOM corridor
[look] episode 1709: previous ended in timeout — hazard slab now in TOP corridor
[look] episode 1710: previous ended in timeout — hazard slab now in BOTTOM corridor
[look] episode 1711: previous ended in timeout — hazard slab now in BOTTOM corridor
[look] episode 1712: previous ended in timeout — hazard slab now in TOP corridor
[look] episode 1713: previous ended in timeout — hazard slab now in BOTTOM corridor
[look] episode 1714: previous ended in timeout — hazard slab now in BOTTOM corridor
[look] episode 1715: previous ended in timeout — hazard slab now in BOTTOM corridor
[look] episode 1716: previous ended in timeout — hazard slab now in TOP corridor
[look] episode 1717: previous ended in timeout — hazard slab now in TOP corridor
[look] episode 1718: previous ended in timeout — hazard slab now in TOP corridor
[look] episode 1719: previous ended in timeout — hazard slab now in BOTTOM corridor
[look] episode 1720: previous ended in timeout — hazard slab now in TOP corridor
[look] episode 1721: previous ended in timeout — hazard slab now in BOTTOM corridor
[look] episode 1722: previous ended in timeout — hazard slab now in TOP corridor
[look] episode 1723: previous ended in timeout — hazard slab now in TOP corridor
[look] episode 1724: previous ended in timeout — hazard slab now in TOP corridor
[look] episode 1725: previous ended in timeout — hazard slab now in BOTTOM corridor
[look] episode 1726: previous ended in timeout — hazard slab now in TOP corridor
[look] episode 1727: previous ended in timeout — hazard slab now in TOP corridor
[look] episode 1728: previous ended in timeout — hazard slab now in BOTTOM corridor
[look] episode 1729: previous ended in timeout — hazard slab now in BOTTOM corridor
[look] episode 1730: previous ended in timeout — hazard slab now in BOTTOM corridor
[look] episode 1731: previous ended in timeout — hazard slab now in TOP corridor
[look] episode 1732: previous ended in timeout — hazard slab now in BOTTOM corridor
[look] episode 1733: previous ended in timeout — hazard slab now in BOTTOM corridor
[look] episode 1734: previous ended in timeout — hazard slab now in TOP corridor
[look] episode 1735: previous ended in timeout — hazard slab now in BOTTOM corridor
[look] episode 1736: previous ended in timeout — hazard slab now in TOP corridor
[look] episode 1737: previous ended in timeout — hazard slab now in BOTTOM corridor
[look] episode 1738: previous ended in timeout — hazard slab now in BOTTOM corridor
[look] episode 1739: previous ended in timeout — hazard slab now in TOP corridor
[look] episode 1740: previous ended in timeout — hazard slab now in TOP corridor
[look] episode 1741: previous ended in timeout — hazard slab now in BOTTOM corridor
[look] episode 1742: previous ended in timeout — hazard slab now in BOTTOM corridor
[look] episode 1743: previous ended in timeout — hazard slab now in TOP corridor
[look] episode 1744: previous ended in timeout — hazard slab now in TOP corridor
[look] episode 1745: previous ended in timeout — hazard slab now in TOP corridor
[look] episode 1746: previous ended in timeout — hazard slab now in BOTTOM corridor
[look] episode 1747: previous ended in timeout — hazard slab now in BOTTOM corridor
[look] episode 1748: previous ended in timeout — hazard slab now in TOP corridor
[look] episode 1749: previous ended in timeout — hazard slab now in BOTTOM corridor
[look] episode 1750: previous ended in timeout — hazard slab now in TOP corridor
[look] episode 1751: previous ended in timeout — hazard slab now in BOTTOM corridor
[look] episode 1752: previous ended in timeout — hazard slab now in BOTTOM corridor
[look] episode 1753: previous ended in timeout — hazard slab now in TOP corridor
[look] episode 1754: previous ended in timeout — hazard slab now in BOTTOM corridor
[look] episode 1755: previous ended in timeout — hazard slab now in TOP corridor
[look] episode 1756: previous ended in timeout — hazard slab now in BOTTOM corridor
[look] episode 1757: previous ended in timeout — hazard slab now in TOP corridor
[look] episode 1758: previous ended in timeout — hazard slab now in BOTTOM corridor
[look] episode 1759: previous ended in timeout — hazard slab now in BOTTOM corridor
[look] episode 1760: previous ended in timeout — hazard slab now in BOTTOM corridor
[look] episode 1761: previous ended in timeout — hazard slab now in BOTTOM corridor
[look] episode 1762: previous ended in timeout — hazard slab now in TOP corridor
[look] episode 1763: previous ended in timeout — hazard slab now in BOTTOM corridor
[look] episode 1764: previous ended in timeout — hazard slab now in TOP corridor
[look] episode 1765: previous ended in timeout — hazard slab now in TOP corridor
[look] episode 1766: previous ended in timeout — hazard slab now in BOTTOM corridor
[look] episode 1767: previous ended in timeout — hazard slab now in TOP corridor
[look] episode 1768: previous ended in timeout — hazard slab now in TOP corridor
[look] episode 1769: previous ended in timeout — hazard slab now in BOTTOM corridor
[look] episode 1770: previous ended in timeout — hazard slab now in TOP corridor
[look] episode 1771: previous ended in timeout — hazard slab now in TOP corridor
[look] episode 1772: previous ended in timeout — hazard slab now in BOTTOM corridor
[look] episode 1773: previous ended in timeout — hazard slab now in TOP corridor
[look] episode 1774: previous ended in timeout — hazard slab now in TOP corridor
[look] episode 1775: previous ended in timeout — hazard slab now in TOP corridor
[look] episode 1776: previous ended in timeout — hazard slab now in TOP corridor
[look] episode 1777: previous ended in timeout — hazard slab now in BOTTOM corridor
[look] episode 1778: previous ended in timeout — hazard slab now in BOTTOM corridor
[look] episode 1779: previous ended in timeout — hazard slab now in TOP corridor
[look] episode 1780: previous ended in timeout — hazard slab now in BOTTOM corridor
[look] episode 1781: previous ended in timeout — hazard slab now in TOP corridor
[look] episode 1782: previous ended in timeout — hazard slab now in TOP corridor
[look] episode 1783: previous ended in timeout — hazard slab now in BOTTOM corridor
[look] episode 1784: previous ended in timeout — hazard slab now in TOP corridor
[look] episode 1785: previous ended in timeout — hazard slab now in TOP corridor
[look] episode 1786: previous ended in timeout — hazard slab now in BOTTOM corridor
[look] episode 1787: previous ended in timeout — hazard slab now in TOP corridor
[look] episode 1788: previous ended in timeout — hazard slab now in TOP corridor
[look] episode 1789: previous ended in timeout — hazard slab now in TOP corridor
[look] episode 1790: previous ended in timeout — hazard slab now in BOTTOM corridor
[look] episode 1791: previous ended in timeout — hazard slab now in TOP corridor
[look] episode 1792: previous ended in timeout — hazard slab now in BOTTOM corridor
[look] episode 1793: previous ended in timeout — hazard slab now in TOP corridor
[look] episode 1794: previous ended in timeout — hazard slab now in TOP corridor
[look] episode 1795: previous ended in timeout — hazard slab now in TOP corridor
[look] episode 1796: previous ended in timeout — hazard slab now in TOP corridor
[look] episode 1797: previous ended in timeout — hazard slab now in BOTTOM corridor
[look] episode 1798: previous ended in timeout — hazard slab now in BOTTOM corridor
[look] episode 1799: previous ended in timeout — hazard slab now in BOTTOM corridor
[look] episode 1800: previous ended in timeout — hazard slab now in TOP corridor
[look] episode 1801: previous ended in timeout — hazard slab now in TOP corridor
[look] episode 1802: previous ended in timeout — hazard slab now in TOP corridor
[look] episode 1803: previous ended in timeout — hazard slab now in BOTTOM corridor
[look] episode 1804: previous ended in timeout — hazard slab now in BOTTOM corridor
[look] episode 1805: previous ended in timeout — hazard slab now in TOP corridor
[look] episode 1806: previous ended in timeout — hazard slab now in TOP corridor
[look] episode 1807: previous ended in timeout — hazard slab now in TOP corridor
[look] episode 1808: previous ended in timeout — hazard slab now in TOP corridor
[look] episode 1809: previous ended in timeout — hazard slab now in TOP corridor
[look] episode 1810: previous ended in timeout — hazard slab now in BOTTOM corridor
[look] episode 1811: previous ended in timeout — hazard slab now in BOTTOM corridor
[look] episode 1812: previous ended in timeout — hazard slab now in BOTTOM corridor
[look] episode 1813: previous ended in timeout — hazard slab now in BOTTOM corridor
[look] episode 1814: previous ended in timeout — hazard slab now in TOP corridor
[look] episode 1815: previous ended in timeout — hazard slab now in TOP corridor
[look] episode 1816: previous ended in timeout — hazard slab now in BOTTOM corridor
[look] episode 1817: previous ended in timeout — hazard slab now in TOP corridor
[look] episode 1818: previous ended in timeout — hazard slab now in TOP corridor
[look] episode 1819: previous ended in timeout — hazard slab now in BOTTOM corridor
[look] episode 1820: previous ended in timeout — hazard slab now in TOP corridor
[look] episode 1821: previous ended in timeout — hazard slab now in TOP corridor
[look] episode 1822: previous ended in timeout — hazard slab now in TOP corridor
[look] episode 1823: previous ended in timeout — hazard slab now in TOP corridor
[look] episode 1824: previous ended in timeout — hazard slab now in BOTTOM corridor
[look] episode 1825: previous ended in timeout — hazard slab now in TOP corridor
[look] episode 1826: previous ended in timeout — hazard slab now in BOTTOM corridor
[look] episode 1827: previous ended in timeout — hazard slab now in BOTTOM corridor
[look] episode 1828: previous ended in timeout — hazard slab now in TOP corridor
[look] episode 1829: previous ended in timeout — hazard slab now in TOP corridor
[look] episode 1830: previous ended in timeout — hazard slab now in TOP corridor
[look] episode 1831: previous ended in timeout — hazard slab now in TOP corridor
[look] episode 1832: previous ended in timeout — hazard slab now in BOTTOM corridor
[look] episode 1833: previous ended in timeout — hazard slab now in TOP corridor
[look] episode 1834: previous ended in timeout — hazard slab now in BOTTOM corridor
[look] episode 1835: previous ended in timeout — hazard slab now in BOTTOM corridor
[look] episode 1836: previous ended in timeout — hazard slab now in BOTTOM corridor
[look] episode 1837: previous ended in timeout — hazard slab now in TOP corridor
[look] episode 1838: previous ended in timeout — hazard slab now in BOTTOM corridor
[look] episode 1839: previous ended in timeout — hazard slab now in BOTTOM corridor
[look] episode 1840: previous ended in timeout — hazard slab now in TOP corridor
[look] episode 1841: previous ended in timeout — hazard slab now in TOP corridor
[look] episode 1842: previous ended in timeout — hazard slab now in BOTTOM corridor
[look] episode 1843: previous ended in timeout — hazard slab now in TOP corridor
[look] episode 1844: previous ended in timeout — hazard slab now in TOP corridor
[look] episode 1845: previous ended in timeout — hazard slab now in BOTTOM corridor
[look] episode 1846: previous ended in timeout — hazard slab now in BOTTOM corridor
[look] episode 1847: previous ended in timeout — hazard slab now in TOP corridor
[look] episode 1848: previous ended in timeout — hazard slab now in TOP corridor
[look] episode 1849: previous ended in timeout — hazard slab now in TOP corridor
[look] episode 1850: previous ended in timeout — hazard slab now in TOP corridor
[look] episode 1851: previous ended in timeout — hazard slab now in TOP corridor
[look] episode 1852: previous ended in timeout — hazard slab now in TOP corridor
[look] episode 1853: previous ended in timeout — hazard slab now in BOTTOM corridor
[look] episode 1854: previous ended in timeout — hazard slab now in TOP corridor
[look] episode 1855: previous ended in timeout — hazard slab now in BOTTOM corridor
[look] episode 1856: previous ended in timeout — hazard slab now in TOP corridor
[look] episode 1857: previous ended in timeout — hazard slab now in TOP corridor
[look] episode 1858: previous ended in timeout — hazard slab now in BOTTOM corridor
[look] episode 1859: previous ended in timeout — hazard slab now in TOP corridor
[look] episode 1860: previous ended in timeout — hazard slab now in BOTTOM corridor
[look] episode 1861: previous ended in timeout — hazard slab now in BOTTOM corridor
[look] episode 1862: previous ended in timeout — hazard slab now in BOTTOM corridor
[look] episode 1863: previous ended in timeout — hazard slab now in TOP corridor
[look] episode 1864: previous ended in timeout — hazard slab now in TOP corridor
[look] episode 1865: previous ended in timeout — hazard slab now in BOTTOM corridor
[look] episode 1866: previous ended in timeout — hazard slab now in BOTTOM corridor
[look] episode 1867: previous ended in timeout — hazard slab now in TOP corridor
[look] episode 1868: previous ended in timeout — hazard slab now in BOTTOM corridor
[look] episode 1869: previous ended in timeout — hazard slab now in BOTTOM corridor
[look] episode 1870: previous ended in timeout — hazard slab now in TOP corridor
[look] episode 1871: previous ended in timeout — hazard slab now in BOTTOM corridor
[look] episode 1872: previous ended in timeout — hazard slab now in TOP corridor
[look] episode 1873: previous ended in timeout — hazard slab now in BOTTOM corridor
[look] episode 1874: previous ended in timeout — hazard slab now in TOP corridor
[look] episode 1875: previous ended in timeout — hazard slab now in BOTTOM corridor
[look] episode 1876: previous ended in timeout — hazard slab now in TOP corridor
[look] episode 1877: previous ended in timeout — hazard slab now in TOP corridor
[look] episode 1878: previous ended in timeout — hazard slab now in BOTTOM corridor
[look] episode 1879: previous ended in timeout — hazard slab now in TOP corridor
[look] episode 1880: previous ended in timeout — hazard slab now in BOTTOM corridor
[look] episode 1881: previous ended in timeout — hazard slab now in BOTTOM corridor
[look] episode 1882: previous ended in timeout — hazard slab now in BOTTOM corridor
[look] episode 1883: previous ended in timeout — hazard slab now in TOP corridor
[look] episode 1884: previous ended in timeout — hazard slab now in TOP corridor
[look] episode 1885: previous ended in timeout — hazard slab now in BOTTOM corridor
[look] episode 1886: previous ended in timeout — hazard slab now in TOP corridor
[look] episode 1887: previous ended in timeout — hazard slab now in BOTTOM corridor
[look] episode 1888: previous ended in timeout — hazard slab now in TOP corridor
[look] episode 1889: previous ended in timeout — hazard slab now in TOP corridor
[look] episode 1890: previous ended in timeout — hazard slab now in BOTTOM corridor
[look] episode 1891: previous ended in timeout — hazard slab now in BOTTOM corridor
[look] episode 1892: previous ended in timeout — hazard slab now in TOP corridor
[look] episode 1893: previous ended in timeout — hazard slab now in TOP corridor
[look] episode 1894: previous ended in timeout — hazard slab now in BOTTOM corridor
[look] episode 1895: previous ended in timeout — hazard slab now in TOP corridor
[look] episode 1896: previous ended in timeout — hazard slab now in TOP corridor
[look] episode 1897: previous ended in timeout — hazard slab now in BOTTOM corridor
[look] episode 1898: previous ended in timeout — hazard slab now in BOTTOM corridor
[look] episode 1899: previous ended in timeout — hazard slab now in TOP corridor
[look] episode 1900: previous ended in timeout — hazard slab now in TOP corridor
[look] episode 1901: previous ended in timeout — hazard slab now in TOP corridor
[look] episode 1902: previous ended in timeout — hazard slab now in BOTTOM corridor
[look] episode 1903: previous ended in timeout — hazard slab now in BOTTOM corridor
[look] episode 1904: previous ended in timeout — hazard slab now in BOTTOM corridor
[look] episode 1905: previous ended in timeout — hazard slab now in BOTTOM corridor
[look] episode 1906: previous ended in timeout — hazard slab now in BOTTOM corridor
[look] episode 1907: previous ended in timeout — hazard slab now in TOP corridor
[look] episode 1908: previous ended in timeout — hazard slab now in TOP corridor
[look] episode 1909: previous ended in timeout — hazard slab now in BOTTOM corridor
[look] episode 1910: previous ended in timeout — hazard slab now in BOTTOM corridor
[look] episode 1911: previous ended in timeout — hazard slab now in BOTTOM corridor
[look] episode 1912: previous ended in timeout — hazard slab now in BOTTOM corridor
[look] episode 1913: previous ended in timeout — hazard slab now in TOP corridor
[look] episode 1914: previous ended in timeout — hazard slab now in BOTTOM corridor
[look] episode 1915: previous ended in timeout — hazard slab now in TOP corridor
[look] episode 1916: previous ended in timeout — hazard slab now in TOP corridor
[look] episode 1917: previous ended in timeout — hazard slab now in TOP corridor
[look] episode 1918: previous ended in timeout — hazard slab now in BOTTOM corridor
[look] episode 1919: previous ended in timeout — hazard slab now in BOTTOM corridor
[look] episode 1920: previous ended in timeout — hazard slab now in BOTTOM corridor
[look] episode 1921: previous ended in timeout — hazard slab now in BOTTOM corridor
[look] episode 1922: previous ended in timeout — hazard slab now in TOP corridor
[look] episode 1923: previous ended in timeout — hazard slab now in TOP corridor
[look] episode 1924: previous ended in timeout — hazard slab now in BOTTOM corridor
[look] episode 1925: previous ended in timeout — hazard slab now in BOTTOM corridor
[look] episode 1926: previous ended in timeout — hazard slab now in TOP corridor
[look] episode 1927: previous ended in timeout — hazard slab now in BOTTOM corridor
[look] episode 1928: previous ended in timeout — hazard slab now in BOTTOM corridor
[look] episode 1929: previous ended in timeout — hazard slab now in TOP corridor
[look] episode 1930: previous ended in timeout — hazard slab now in BOTTOM corridor
[look] episode 1931: previous ended in timeout — hazard slab now in BOTTOM corridor
[look] episode 1932: previous ended in timeout — hazard slab now in BOTTOM corridor
[look] episode 1933: previous ended in timeout — hazard slab now in TOP corridor
[look] episode 1934: previous ended in timeout — hazard slab now in BOTTOM corridor
[look] episode 1935: previous ended in timeout — hazard slab now in BOTTOM corridor
[look] episode 1936: previous ended in timeout — hazard slab now in TOP corridor
[look] episode 1937: previous ended in timeout — hazard slab now in TOP corridor
[look] episode 1938: previous ended in timeout — hazard slab now in TOP corridor
[look] episode 1939: previous ended in timeout — hazard slab now in TOP corridor
[look] episode 1940: previous ended in timeout — hazard slab now in BOTTOM corridor
[look] episode 1941: previous ended in timeout — hazard slab now in BOTTOM corridor
[look] episode 1942: previous ended in timeout — hazard slab now in BOTTOM corridor
[look] episode 1943: previous ended in timeout — hazard slab now in BOTTOM corridor
[look] episode 1944: previous ended in timeout — hazard slab now in TOP corridor
[look] episode 1945: previous ended in timeout — hazard slab now in BOTTOM corridor
[look] episode 1946: previous ended in timeout — hazard slab now in TOP corridor
[look] episode 1947: previous ended in timeout — hazard slab now in BOTTOM corridor
[look] episode 1948: previous ended in timeout — hazard slab now in BOTTOM corridor
[look] episode 1949: previous ended in timeout — hazard slab now in BOTTOM corridor
[look] episode 1950: previous ended in timeout — hazard slab now in TOP corridor
[look] episode 1951: previous ended in timeout — hazard slab now in TOP corridor
[look] episode 1952: previous ended in timeout — hazard slab now in TOP corridor
[look] episode 1953: previous ended in timeout — hazard slab now in BOTTOM corridor
[look] episode 1954: previous ended in timeout — hazard slab now in BOTTOM corridor
[look] episode 1955: previous ended in timeout — hazard slab now in BOTTOM corridor
[look] episode 1956: previous ended in timeout — hazard slab now in BOTTOM corridor
[look] episode 1957: previous ended in timeout — hazard slab now in TOP corridor
[look] episode 1958: previous ended in timeout — hazard slab now in TOP corridor
[look] episode 1959: previous ended in timeout — hazard slab now in BOTTOM corridor
[look] episode 1960: previous ended in timeout — hazard slab now in TOP corridor
[look] episode 1961: previous ended in timeout — hazard slab now in BOTTOM corridor
[look] episode 1962: previous ended in timeout — hazard slab now in BOTTOM corridor
[look] episode 1963: previous ended in timeout — hazard slab now in TOP corridor
[look] episode 1964: previous ended in timeout — hazard slab now in BOTTOM corridor
[look] episode 1965: previous ended in timeout — hazard slab now in BOTTOM corridor
[look] episode 1966: previous ended in timeout — hazard slab now in TOP corridor
[look] episode 1967: previous ended in timeout — hazard slab now in BOTTOM corridor
[look] episode 1968: previous ended in timeout — hazard slab now in BOTTOM corridor
[look] episode 1969: previous ended in timeout — hazard slab now in BOTTOM corridor
[look] episode 1970: previous ended in timeout — hazard slab now in BOTTOM corridor
[look] episode 1971: previous ended in timeout — hazard slab now in BOTTOM corridor
[look] episode 1972: previous ended in timeout — hazard slab now in TOP corridor
[look] episode 1973: previous ended in timeout — hazard slab now in TOP corridor
[look] episode 1974: previous ended in timeout — hazard slab now in TOP corridor
[look] episode 1975: previous ended in timeout — hazard slab now in TOP corridor
[look] episode 1976: previous ended in timeout — hazard slab now in BOTTOM corridor
[look] episode 1977: previous ended in timeout — hazard slab now in TOP corridor
[look] episode 1978: previous ended in timeout — hazard slab now in BOTTOM corridor
[look] episode 1979: previous ended in timeout — hazard slab now in BOTTOM corridor
[look] episode 1980: previous ended in timeout — hazard slab now in BOTTOM corridor
[look] episode 1981: previous ended in timeout — hazard slab now in BOTTOM corridor
[look] episode 1982: previous ended in timeout — hazard slab now in TOP corridor
[look] episode 1983: previous ended in timeout — hazard slab now in TOP corridor
[look] episode 1984: previous ended in timeout — hazard slab now in TOP corridor
[look] episode 1985: previous ended in timeout — hazard slab now in BOTTOM corridor
[look] episode 1986: previous ended in timeout — hazard slab now in BOTTOM corridor
[look] episode 1987: previous ended in timeout — hazard slab now in BOTTOM corridor
[look] episode 1988: previous ended in timeout — hazard slab now in TOP corridor
[look] episode 1989: previous ended in timeout — hazard slab now in BOTTOM corridor
[look] episode 1990: previous ended in timeout — hazard slab now in BOTTOM corridor
[look] episode 1991: previous ended in timeout — hazard slab now in BOTTOM corridor
[look] episode 1992: previous ended in timeout — hazard slab now in BOTTOM corridor
[look] episode 1993: previous ended in timeout — hazard slab now in TOP corridor
[look] episode 1994: previous ended in timeout — hazard slab now in BOTTOM corridor
[look] episode 1995: previous ended in timeout — hazard slab now in TOP corridor
[look] episode 1996: previous ended in timeout — hazard slab now in BOTTOM corridor
[look] episode 1997: previous ended in timeout — hazard slab now in TOP corridor
[look] episode 1998: previous ended in timeout — hazard slab now in BOTTOM corridor
[look] episode 1999: previous ended in timeout — hazard slab now in TOP corridor
[look] episode 2000: previous ended in timeout — hazard slab now in TOP corridor
[look] episode 2001: previous ended in timeout — hazard slab now in BOTTOM corridor
[look] episode 2002: previous ended in timeout — hazard slab now in TOP corridor
[look] episode 2003: previous ended in timeout — hazard slab now in BOTTOM corridor
[look] episode 2004: previous ended in timeout — hazard slab now in BOTTOM corridor
[look] episode 2005: previous ended in timeout — hazard slab now in BOTTOM corridor
[look] episode 2006: previous ended in timeout — hazard slab now in BOTTOM corridor
[look] episode 2007: previous ended in timeout — hazard slab now in BOTTOM corridor
[look] episode 2008: previous ended in timeout — hazard slab now in TOP corridor
[look] episode 2009: previous ended in timeout — hazard slab now in BOTTOM corridor
[look] episode 2010: previous ended in timeout — hazard slab now in TOP corridor
[look] episode 2011: previous ended in timeout — hazard slab now in TOP corridor
[look] episode 2012: previous ended in timeout — hazard slab now in TOP corridor
[look] episode 2013: previous ended in timeout — hazard slab now in TOP corridor
[look] episode 2014: previous ended in timeout — hazard slab now in TOP corridor
[look] episode 2015: previous ended in timeout — hazard slab now in BOTTOM corridor
[look] episode 2016: previous ended in timeout — hazard slab now in BOTTOM corridor
[look] episode 2017: previous ended in timeout — hazard slab now in TOP corridor
[look] episode 2018: previous ended in timeout — hazard slab now in TOP corridor
[look] episode 2019: previous ended in timeout — hazard slab now in TOP corridor
[look] episode 2020: previous ended in timeout — hazard slab now in TOP corridor
[look] episode 2021: previous ended in timeout — hazard slab now in TOP corridor
[look] episode 2022: previous ended in timeout — hazard slab now in TOP corridor
[look] episode 2023: previous ended in timeout — hazard slab now in BOTTOM corridor
[look] episode 2024: previous ended in timeout — hazard slab now in BOTTOM corridor
[look] episode 2025: previous ended in timeout — hazard slab now in TOP corridor
[look] episode 2026: previous ended in timeout — hazard slab now in BOTTOM corridor
[look] episode 2027: previous ended in timeout — hazard slab now in TOP corridor
[look] episode 2028: previous ended in timeout — hazard slab now in TOP corridor
[look] episode 2029: previous ended in timeout — hazard slab now in TOP corridor
[look] episode 2030: previous ended in timeout — hazard slab now in TOP corridor
[look] episode 2031: previous ended in timeout — hazard slab now in TOP corridor
[look] episode 2032: previous ended in timeout — hazard slab now in TOP corridor
[look] episode 2033: previous ended in timeout — hazard slab now in BOTTOM corridor
[look] episode 2034: previous ended in timeout — hazard slab now in BOTTOM corridor
[look] episode 2035: previous ended in timeout — hazard slab now in BOTTOM corridor
[look] episode 2036: previous ended in timeout — hazard slab now in BOTTOM corridor
[look] episode 2037: previous ended in timeout — hazard slab now in TOP corridor
[look] episode 2038: previous ended in timeout — hazard slab now in TOP corridor
[look] episode 2039: previous ended in timeout — hazard slab now in BOTTOM corridor
[look] episode 2040: previous ended in timeout — hazard slab now in TOP corridor
[look] episode 2041: previous ended in timeout — hazard slab now in TOP corridor
[look] episode 2042: previous ended in timeout — hazard slab now in BOTTOM corridor
[look] episode 2043: previous ended in timeout — hazard slab now in BOTTOM corridor
[look] episode 2044: previous ended in timeout — hazard slab now in TOP corridor
[look] episode 2045: previous ended in timeout — hazard slab now in BOTTOM corridor
[look] episode 2046: previous ended in timeout — hazard slab now in TOP corridor
[look] episode 2047: previous ended in timeout — hazard slab now in TOP corridor
[look] episode 2048: previous ended in timeout — hazard slab now in BOTTOM corridor
[look] episode 2049: previous ended in timeout — hazard slab now in TOP corridor
[look] episode 2050: previous ended in timeout — hazard slab now in BOTTOM corridor
[look] episode 2051: previous ended in timeout — hazard slab now in BOTTOM corridor
[look] episode 2052: previous ended in timeout — hazard slab now in BOTTOM corridor
[look] episode 2053: previous ended in timeout — hazard slab now in TOP corridor
[look] episode 2054: previous ended in timeout — hazard slab now in BOTTOM corridor
[look] episode 2055: previous ended in timeout — hazard slab now in TOP corridor
[look] episode 2056: previous ended in timeout — hazard slab now in BOTTOM corridor
[look] episode 2057: previous ended in timeout — hazard slab now in TOP corridor
[look] episode 2058: previous ended in timeout — hazard slab now in BOTTOM corridor
[look] episode 2059: previous ended in timeout — hazard slab now in TOP corridor
[look] episode 2060: previous ended in timeout — hazard slab now in BOTTOM corridor
[look] episode 2061: previous ended in timeout — hazard slab now in BOTTOM corridor
[look] episode 2062: previous ended in timeout — hazard slab now in BOTTOM corridor
[look] episode 2063: previous ended in timeout — hazard slab now in TOP corridor
[look] episode 2064: previous ended in timeout — hazard slab now in BOTTOM corridor
[look] episode 2065: previous ended in timeout — hazard slab now in TOP corridor
[look] episode 2066: previous ended in timeout — hazard slab now in TOP corridor
[look] episode 2067: previous ended in timeout — hazard slab now in BOTTOM corridor
[look] episode 2068: previous ended in timeout — hazard slab now in TOP corridor
[look] episode 2069: previous ended in timeout — hazard slab now in TOP corridor
[look] episode 2070: previous ended in timeout — hazard slab now in BOTTOM corridor
[look] episode 2071: previous ended in timeout — hazard slab now in TOP corridor
[look] episode 2072: previous ended in timeout — hazard slab now in BOTTOM corridor
[look] episode 2073: previous ended in timeout — hazard slab now in BOTTOM corridor
[look] episode 2074: previous ended in timeout — hazard slab now in TOP corridor
[look] episode 2075: previous ended in timeout — hazard slab now in TOP corridor
[look] episode 2076: previous ended in timeout — hazard slab now in TOP corridor
[look] episode 2077: previous ended in timeout — hazard slab now in TOP corridor
[look] episode 2078: previous ended in timeout — hazard slab now in TOP corridor
[look] episode 2079: previous ended in timeout — hazard slab now in TOP corridor
[look] episode 2080: previous ended in timeout — hazard slab now in BOTTOM corridor
[look] episode 2081: previous ended in timeout — hazard slab now in BOTTOM corridor
[look] episode 2082: previous ended in timeout — hazard slab now in BOTTOM corridor
[look] episode 2083: previous ended in timeout — hazard slab now in BOTTOM corridor
[look] episode 2084: previous ended in timeout — hazard slab now in BOTTOM corridor
[look] episode 2085: previous ended in timeout — hazard slab now in TOP corridor
[look] episode 2086: previous ended in timeout — hazard slab now in TOP corridor
[look] episode 2087: previous ended in timeout — hazard slab now in BOTTOM corridor
[look] episode 2088: previous ended in timeout — hazard slab now in TOP corridor
[look] episode 2089: previous ended in timeout — hazard slab now in TOP corridor
[look] episode 2090: previous ended in timeout — hazard slab now in TOP corridor
[look] episode 2091: previous ended in timeout — hazard slab now in TOP corridor
[look] episode 2092: previous ended in timeout — hazard slab now in TOP corridor
[look] episode 2093: previous ended in timeout — hazard slab now in BOTTOM corridor
[look] episode 2094: previous ended in timeout — hazard slab now in BOTTOM corridor
[look] episode 2095: previous ended in timeout — hazard slab now in BOTTOM corridor
[look] episode 2096: previous ended in timeout — hazard slab now in BOTTOM corridor
[look] episode 2097: previous ended in timeout — hazard slab now in TOP corridor
[look] episode 2098: previous ended in timeout — hazard slab now in TOP corridor
[look] episode 2099: previous ended in timeout — hazard slab now in BOTTOM corridor
[look] episode 2100: previous ended in timeout — hazard slab now in BOTTOM corridor
[look] episode 2101: previous ended in timeout — hazard slab now in TOP corridor
[look] episode 2102: previous ended in timeout — hazard slab now in TOP corridor
[look] episode 2103: previous ended in timeout — hazard slab now in BOTTOM corridor
[look] episode 2104: previous ended in timeout — hazard slab now in BOTTOM corridor
[look] episode 2105: previous ended in timeout — hazard slab now in BOTTOM corridor
[look] episode 2106: previous ended in timeout — hazard slab now in BOTTOM corridor
[look] episode 2107: previous ended in timeout — hazard slab now in BOTTOM corridor
[look] episode 2108: previous ended in timeout — hazard slab now in BOTTOM corridor
[look] episode 2109: previous ended in timeout — hazard slab now in TOP corridor
[look] episode 2110: previous ended in timeout — hazard slab now in TOP corridor
[look] episode 2111: previous ended in timeout — hazard slab now in TOP corridor
[look] episode 2112: previous ended in timeout — hazard slab now in TOP corridor
[look] episode 2113: previous ended in timeout — hazard slab now in TOP corridor
[look] episode 2114: previous ended in timeout — hazard slab now in BOTTOM corridor
[look] episode 2115: previous ended in timeout — hazard slab now in BOTTOM corridor
[look] episode 2116: previous ended in timeout — hazard slab now in TOP corridor
[look] episode 2117: previous ended in timeout — hazard slab now in TOP corridor
[look] episode 2118: previous ended in timeout — hazard slab now in TOP corridor
[look] episode 2119: previous ended in timeout — hazard slab now in BOTTOM corridor
[look] episode 2120: previous ended in timeout — hazard slab now in TOP corridor
[look] episode 2121: previous ended in timeout — hazard slab now in BOTTOM corridor
[look] episode 2122: previous ended in timeout — hazard slab now in BOTTOM corridor
[look] episode 2123: previous ended in timeout — hazard slab now in BOTTOM corridor
[look] episode 2124: previous ended in timeout — hazard slab now in TOP corridor
[look] episode 2125: previous ended in timeout — hazard slab now in BOTTOM corridor
[look] episode 2126: previous ended in timeout — hazard slab now in BOTTOM corridor
[look] episode 2127: previous ended in timeout — hazard slab now in TOP corridor
[look] episode 2128: previous ended in timeout — hazard slab now in BOTTOM corridor
[look] episode 2129: previous ended in timeout — hazard slab now in TOP corridor
[look] episode 2130: previous ended in timeout — hazard slab now in BOTTOM corridor
[look] episode 2131: previous ended in timeout — hazard slab now in TOP corridor
[look] episode 2132: previous ended in timeout — hazard slab now in BOTTOM corridor
[look] episode 2133: previous ended in timeout — hazard slab now in BOTTOM corridor
[look] episode 2134: previous ended in timeout — hazard slab now in BOTTOM corridor
[look] episode 2135: previous ended in timeout — hazard slab now in BOTTOM corridor
[look] episode 2136: previous ended in timeout — hazard slab now in BOTTOM corridor
[look] episode 2137: previous ended in timeout — hazard slab now in TOP corridor
[look] episode 2138: previous ended in timeout — hazard slab now in BOTTOM corridor
[look] episode 2139: previous ended in timeout — hazard slab now in BOTTOM corridor
[look] episode 2140: previous ended in timeout — hazard slab now in TOP corridor
[look] episode 2141: previous ended in timeout — hazard slab now in BOTTOM corridor
[look] episode 2142: previous ended in timeout — hazard slab now in BOTTOM corridor
[look] episode 2143: previous ended in timeout — hazard slab now in BOTTOM corridor
[look] episode 2144: previous ended in timeout — hazard slab now in BOTTOM corridor
[look] episode 2145: previous ended in timeout — hazard slab now in BOTTOM corridor
[look] episode 2146: previous ended in timeout — hazard slab now in BOTTOM corridor
[look] episode 2147: previous ended in timeout — hazard slab now in TOP corridor
[look] episode 2148: previous ended in timeout — hazard slab now in BOTTOM corridor
[look] episode 2149: previous ended in timeout — hazard slab now in TOP corridor
[look] episode 2150: previous ended in timeout — hazard slab now in TOP corridor
[look] episode 2151: previous ended in timeout — hazard slab now in BOTTOM corridor
[look] episode 2152: previous ended in timeout — hazard slab now in TOP corridor
[look] episode 2153: previous ended in timeout — hazard slab now in TOP corridor
[look] episode 2154: previous ended in timeout — hazard slab now in TOP corridor
[look] episode 2155: previous ended in timeout — hazard slab now in TOP corridor
[look] episode 2156: previous ended in timeout — hazard slab now in BOTTOM corridor
[look] episode 2157: previous ended in timeout — hazard slab now in TOP corridor
[look] episode 2158: previous ended in timeout — hazard slab now in BOTTOM corridor
[look] episode 2159: previous ended in timeout — hazard slab now in TOP corridor
[look] episode 2160: previous ended in timeout — hazard slab now in BOTTOM corridor
[look] episode 2161: previous ended in timeout — hazard slab now in BOTTOM corridor
[look] episode 2162: previous ended in timeout — hazard slab now in TOP corridor
[look] episode 2163: previous ended in timeout — hazard slab now in BOTTOM corridor
[look] episode 2164: previous ended in timeout — hazard slab now in BOTTOM corridor
[look] episode 2165: previous ended in timeout — hazard slab now in BOTTOM corridor
[look] episode 2166: previous ended in timeout — hazard slab now in BOTTOM corridor
[look] episode 2167: previous ended in timeout — hazard slab now in TOP corridor
[look] episode 2168: previous ended in timeout — hazard slab now in TOP corridor
[look] episode 2169: previous ended in timeout — hazard slab now in BOTTOM corridor
[look] episode 2170: previous ended in timeout — hazard slab now in TOP corridor
[look] episode 2171: previous ended in timeout — hazard slab now in TOP corridor
[look] episode 2172: previous ended in timeout — hazard slab now in BOTTOM corridor
[look] episode 2173: previous ended in timeout — hazard slab now in TOP corridor
[look] episode 2174: previous ended in timeout — hazard slab now in BOTTOM corridor
[look] episode 2175: previous ended in timeout — hazard slab now in BOTTOM corridor
[look] episode 2176: previous ended in timeout — hazard slab now in TOP corridor
[look] episode 2177: previous ended in timeout — hazard slab now in BOTTOM corridor
[look] episode 2178: previous ended in timeout — hazard slab now in TOP corridor
[look] episode 2179: previous ended in timeout — hazard slab now in TOP corridor
[look] episode 2180: previous ended in timeout — hazard slab now in BOTTOM corridor
[look] episode 2181: previous ended in timeout — hazard slab now in BOTTOM corridor
[look] episode 2182: previous ended in timeout — hazard slab now in BOTTOM corridor
[look] episode 2183: previous ended in timeout — hazard slab now in TOP corridor
[look] episode 2184: previous ended in timeout — hazard slab now in TOP corridor
[look] episode 2185: previous ended in timeout — hazard slab now in BOTTOM corridor
[look] episode 2186: previous ended in timeout — hazard slab now in TOP corridor
[look] episode 2187: previous ended in timeout — hazard slab now in BOTTOM corridor
[look] episode 2188: previous ended in timeout — hazard slab now in TOP corridor
[look] episode 2189: previous ended in timeout — hazard slab now in BOTTOM corridor
[look] episode 2190: previous ended in timeout — hazard slab now in BOTTOM corridor
[look] episode 2191: previous ended in timeout — hazard slab now in BOTTOM corridor
[look] episode 2192: previous ended in timeout — hazard slab now in TOP corridor
[look] episode 2193: previous ended in timeout — hazard slab now in BOTTOM corridor
[look] episode 2194: previous ended in timeout — hazard slab now in BOTTOM corridor
[look] episode 2195: previous ended in timeout — hazard slab now in TOP corridor
[look] episode 2196: previous ended in timeout — hazard slab now in BOTTOM corridor
[look] episode 2197: previous ended in timeout — hazard slab now in BOTTOM corridor
[look] episode 2198: previous ended in timeout — hazard slab now in BOTTOM corridor
[look] episode 2199: previous ended in timeout — hazard slab now in BOTTOM corridor
[look] episode 2200: previous ended in timeout — hazard slab now in BOTTOM corridor
[look] episode 2201: previous ended in timeout — hazard slab now in TOP corridor
[look] episode 2202: previous ended in timeout — hazard slab now in TOP corridor
[look] episode 2203: previous ended in timeout — hazard slab now in TOP corridor
[look] episode 2204: previous ended in timeout — hazard slab now in TOP corridor
[look] episode 2205: previous ended in timeout — hazard slab now in BOTTOM corridor
[look] episode 2206: previous ended in timeout — hazard slab now in BOTTOM corridor
[look] episode 2207: previous ended in timeout — hazard slab now in BOTTOM corridor
[look] episode 2208: previous ended in timeout — hazard slab now in TOP corridor
[look] episode 2209: previous ended in timeout — hazard slab now in TOP corridor
[look] episode 2210: previous ended in timeout — hazard slab now in BOTTOM corridor
[look] episode 2211: previous ended in timeout — hazard slab now in BOTTOM corridor
[look] episode 2212: previous ended in timeout — hazard slab now in BOTTOM corridor
[look] episode 2213: previous ended in timeout — hazard slab now in TOP corridor
[look] episode 2214: previous ended in timeout — hazard slab now in BOTTOM corridor
[look] episode 2215: previous ended in timeout — hazard slab now in BOTTOM corridor
[look] episode 2216: previous ended in timeout — hazard slab now in TOP corridor
[look] episode 2217: previous ended in timeout — hazard slab now in TOP corridor
[look] episode 2218: previous ended in timeout — hazard slab now in TOP corridor
[look] episode 2219: previous ended in timeout — hazard slab now in TOP corridor
[look] episode 2220: previous ended in timeout — hazard slab now in BOTTOM corridor
[look] episode 2221: previous ended in timeout — hazard slab now in TOP corridor
[look] episode 2222: previous ended in timeout — hazard slab now in BOTTOM corridor
[look] episode 2223: previous ended in timeout — hazard slab now in TOP corridor
[look] episode 2224: previous ended in timeout — hazard slab now in BOTTOM corridor
[look] episode 2225: previous ended in timeout — hazard slab now in BOTTOM corridor
[look] episode 2226: previous ended in timeout — hazard slab now in TOP corridor
[look] episode 2227: previous ended in timeout — hazard slab now in BOTTOM corridor
[look] episode 2228: previous ended in timeout — hazard slab now in TOP corridor
[look] episode 2229: previous ended in timeout — hazard slab now in TOP corridor
[look] episode 2230: previous ended in timeout — hazard slab now in TOP corridor
[look] episode 2231: previous ended in timeout — hazard slab now in TOP corridor
[look] episode 2232: previous ended in timeout — hazard slab now in TOP corridor
[look] episode 2233: previous ended in timeout — hazard slab now in BOTTOM corridor
[look] episode 2234: previous ended in timeout — hazard slab now in BOTTOM corridor
[look] episode 2235: previous ended in timeout — hazard slab now in TOP corridor
[look] episode 2236: previous ended in timeout — hazard slab now in TOP corridor
[look] episode 2237: previous ended in timeout — hazard slab now in BOTTOM corridor
[look] episode 2238: previous ended in timeout — hazard slab now in BOTTOM corridor
[look] episode 2239: previous ended in timeout — hazard slab now in BOTTOM corridor
[look] episode 2240: previous ended in timeout — hazard slab now in BOTTOM corridor
[look] episode 2241: previous ended in timeout — hazard slab now in BOTTOM corridor
[look] episode 2242: previous ended in timeout — hazard slab now in BOTTOM corridor
[look] episode 2243: previous ended in timeout — hazard slab now in BOTTOM corridor
[look] episode 2244: previous ended in timeout — hazard slab now in TOP corridor
[look] episode 2245: previous ended in timeout — hazard slab now in BOTTOM corridor
[look] episode 2246: previous ended in timeout — hazard slab now in TOP corridor
[look] episode 2247: previous ended in timeout — hazard slab now in TOP corridor
[look] episode 2248: previous ended in timeout — hazard slab now in TOP corridor
[look] episode 2249: previous ended in timeout — hazard slab now in TOP corridor
[look] episode 2250: previous ended in timeout — hazard slab now in BOTTOM corridor
[look] episode 2251: previous ended in timeout — hazard slab now in TOP corridor
[look] episode 2252: previous ended in timeout — hazard slab now in BOTTOM corridor
[look] episode 2253: previous ended in timeout — hazard slab now in BOTTOM corridor
[look] episode 2254: previous ended in timeout — hazard slab now in BOTTOM corridor
[look] episode 2255: previous ended in timeout — hazard slab now in TOP corridor
[look] episode 2256: previous ended in timeout — hazard slab now in BOTTOM corridor
[look] episode 2257: previous ended in timeout — hazard slab now in TOP corridor
[look] episode 2258: previous ended in timeout — hazard slab now in BOTTOM corridor
[look] episode 2259: previous ended in timeout — hazard slab now in BOTTOM corridor
[look] episode 2260: previous ended in timeout — hazard slab now in TOP corridor
[look] episode 2261: previous ended in timeout — hazard slab now in BOTTOM corridor
[look] episode 2262: previous ended in timeout — hazard slab now in TOP corridor
[look] episode 2263: previous ended in timeout — hazard slab now in BOTTOM corridor
[look] episode 2264: previous ended in timeout — hazard slab now in BOTTOM corridor
[look] episode 2265: previous ended in timeout — hazard slab now in TOP corridor
[look] episode 2266: previous ended in timeout — hazard slab now in TOP corridor
[look] episode 2267: previous ended in timeout — hazard slab now in BOTTOM corridor
[look] episode 2268: previous ended in timeout — hazard slab now in TOP corridor
[look] episode 2269: previous ended in timeout — hazard slab now in TOP corridor
[look] episode 2270: previous ended in timeout — hazard slab now in BOTTOM corridor
[look] episode 2271: previous ended in timeout — hazard slab now in BOTTOM corridor
[look] episode 2272: previous ended in timeout — hazard slab now in TOP corridor
[look] episode 2273: previous ended in timeout — hazard slab now in BOTTOM corridor
[look] episode 2274: previous ended in timeout — hazard slab now in TOP corridor
[look] episode 2275: previous ended in timeout — hazard slab now in TOP corridor
[look] episode 2276: previous ended in timeout — hazard slab now in TOP corridor
[look] episode 2277: previous ended in timeout — hazard slab now in BOTTOM corridor
[look] episode 2278: previous ended in timeout — hazard slab now in TOP corridor
[look] episode 2279: previous ended in timeout — hazard slab now in TOP corridor
[look] episode 2280: previous ended in timeout — hazard slab now in TOP corridor
[look] episode 2281: previous ended in timeout — hazard slab now in BOTTOM corridor
[look] episode 2282: previous ended in timeout — hazard slab now in TOP corridor
[look] episode 2283: previous ended in timeout — hazard slab now in TOP corridor
[look] episode 2284: previous ended in timeout — hazard slab now in TOP corridor
[look] episode 2285: previous ended in timeout — hazard slab now in TOP corridor
[look] episode 2286: previous ended in timeout — hazard slab now in BOTTOM corridor
[look] episode 2287: previous ended in timeout — hazard slab now in BOTTOM corridor
[look] episode 2288: previous ended in timeout — hazard slab now in TOP corridor
[look] episode 2289: previous ended in timeout — hazard slab now in BOTTOM corridor
[look] episode 2290: previous ended in timeout — hazard slab now in TOP corridor
[look] episode 2291: previous ended in timeout — hazard slab now in BOTTOM corridor
[look] episode 2292: previous ended in timeout — hazard slab now in TOP corridor
[look] episode 2293: previous ended in timeout — hazard slab now in TOP corridor
[look] episode 2294: previous ended in timeout — hazard slab now in BOTTOM corridor
[look] episode 2295: previous ended in timeout — hazard slab now in TOP corridor
[look] episode 2296: previous ended in timeout — hazard slab now in BOTTOM corridor
[look] episode 2297: previous ended in timeout — hazard slab now in BOTTOM corridor
[look] episode 2298: previous ended in timeout — hazard slab now in TOP corridor
[look] episode 2299: previous ended in timeout — hazard slab now in TOP corridor
[look] episode 2300: previous ended in timeout — hazard slab now in TOP corridor
[look] episode 2301: previous ended in timeout — hazard slab now in TOP corridor
[look] episode 2302: previous ended in timeout — hazard slab now in BOTTOM corridor
[look] episode 2303: previous ended in timeout — hazard slab now in BOTTOM corridor
[look] episode 2304: previous ended in timeout — hazard slab now in BOTTOM corridor
[look] episode 2305: previous ended in timeout — hazard slab now in TOP corridor
[look] episode 2306: previous ended in timeout — hazard slab now in TOP corridor
[look] episode 2307: previous ended in timeout — hazard slab now in TOP corridor
[look] episode 2308: previous ended in timeout — hazard slab now in BOTTOM corridor
[look] episode 2309: previous ended in timeout — hazard slab now in TOP corridor
[look] episode 2310: previous ended in timeout — hazard slab now in TOP corridor
[look] episode 2311: previous ended in timeout — hazard slab now in BOTTOM corridor
[look] episode 2312: previous ended in timeout — hazard slab now in BOTTOM corridor
[look] episode 2313: previous ended in timeout — hazard slab now in BOTTOM corridor
[look] episode 2314: previous ended in timeout — hazard slab now in TOP corridor
[look] episode 2315: previous ended in timeout — hazard slab now in TOP corridor
[look] episode 2316: previous ended in timeout — hazard slab now in TOP corridor
[look] episode 2317: previous ended in timeout — hazard slab now in BOTTOM corridor
[look] episode 2318: previous ended in timeout — hazard slab now in TOP corridor
[look] episode 2319: previous ended in timeout — hazard slab now in TOP corridor
[look] episode 2320: previous ended in timeout — hazard slab now in BOTTOM corridor
[look] episode 2321: previous ended in timeout — hazard slab now in TOP corridor
[look] episode 2322: previous ended in timeout — hazard slab now in BOTTOM corridor
[look] episode 2323: previous ended in timeout — hazard slab now in TOP corridor
[look] episode 2324: previous ended in timeout — hazard slab now in BOTTOM corridor
[look] episode 2325: previous ended in timeout — hazard slab now in BOTTOM corridor
[look] episode 2326: previous ended in timeout — hazard slab now in BOTTOM corridor
[look] episode 2327: previous ended in timeout — hazard slab now in BOTTOM corridor
[look] episode 2328: previous ended in timeout — hazard slab now in TOP corridor
[look] episode 2329: previous ended in timeout — hazard slab now in TOP corridor
[look] episode 2330: previous ended in timeout — hazard slab now in BOTTOM corridor
[look] episode 2331: previous ended in timeout — hazard slab now in TOP corridor
[look] episode 2332: previous ended in timeout — hazard slab now in TOP corridor
[look] episode 2333: previous ended in timeout — hazard slab now in BOTTOM corridor
[look] episode 2334: previous ended in timeout — hazard slab now in TOP corridor
[look] episode 2335: previous ended in timeout — hazard slab now in TOP corridor
[look] episode 2336: previous ended in timeout — hazard slab now in TOP corridor
[look] episode 2337: previous ended in timeout — hazard slab now in TOP corridor
[look] episode 2338: previous ended in timeout — hazard slab now in BOTTOM corridor
[look] episode 2339: previous ended in timeout — hazard slab now in BOTTOM corridor
[look] episode 2340: previous ended in timeout — hazard slab now in TOP corridor
[look] episode 2341: previous ended in timeout — hazard slab now in BOTTOM corridor
[look] episode 2342: previous ended in timeout — hazard slab now in BOTTOM corridor
[look] episode 2343: previous ended in timeout — hazard slab now in TOP corridor
[look] episode 2344: previous ended in timeout — hazard slab now in TOP corridor
[look] episode 2345: previous ended in timeout — hazard slab now in BOTTOM corridor
[look] episode 2346: previous ended in timeout — hazard slab now in TOP corridor
[look] episode 2347: previous ended in timeout — hazard slab now in TOP corridor
[look] episode 2348: previous ended in timeout — hazard slab now in BOTTOM corridor
[look] episode 2349: previous ended in timeout — hazard slab now in BOTTOM corridor
[look] episode 2350: previous ended in timeout — hazard slab now in TOP corridor
[look] episode 2351: previous ended in timeout — hazard slab now in BOTTOM corridor
[look] episode 2352: previous ended in timeout — hazard slab now in TOP corridor
[look] episode 2353: previous ended in timeout — hazard slab now in TOP corridor
[look] episode 2354: previous ended in timeout — hazard slab now in TOP corridor
[look] episode 2355: previous ended in timeout — hazard slab now in BOTTOM corridor
[look] episode 2356: previous ended in timeout — hazard slab now in TOP corridor
[look] episode 2357: previous ended in timeout — hazard slab now in TOP corridor
[look] episode 2358: previous ended in timeout — hazard slab now in BOTTOM corridor
[look] episode 2359: previous ended in timeout — hazard slab now in BOTTOM corridor
[look] episode 2360: previous ended in timeout — hazard slab now in BOTTOM corridor
[look] episode 2361: previous ended in timeout — hazard slab now in BOTTOM corridor
[look] episode 2362: previous ended in timeout — hazard slab now in BOTTOM corridor
[look] episode 2363: previous ended in timeout — hazard slab now in BOTTOM corridor
[look] episode 2364: previous ended in timeout — hazard slab now in TOP corridor
[look] episode 2365: previous ended in timeout — hazard slab now in BOTTOM corridor
[look] episode 2366: previous ended in timeout — hazard slab now in BOTTOM corridor
[look] episode 2367: previous ended in timeout — hazard slab now in TOP corridor
[look] episode 2368: previous ended in timeout — hazard slab now in TOP corridor
[look] episode 2369: previous ended in timeout — hazard slab now in BOTTOM corridor
[look] episode 2370: previous ended in timeout — hazard slab now in TOP corridor
[look] episode 2371: previous ended in timeout — hazard slab now in TOP corridor
[look] episode 2372: previous ended in timeout — hazard slab now in BOTTOM corridor
[look] episode 2373: previous ended in timeout — hazard slab now in BOTTOM corridor
[look] episode 2374: previous ended in timeout — hazard slab now in TOP corridor
[look] episode 2375: previous ended in timeout — hazard slab now in TOP corridor
[look] episode 2376: previous ended in timeout — hazard slab now in BOTTOM corridor
[look] episode 2377: previous ended in timeout — hazard slab now in TOP corridor
[look] episode 2378: previous ended in timeout — hazard slab now in BOTTOM corridor
[look] episode 2379: previous ended in timeout — hazard slab now in BOTTOM corridor
[look] episode 2380: previous ended in timeout — hazard slab now in TOP corridor
[look] episode 2381: previous ended in timeout — hazard slab now in TOP corridor
[look] episode 2382: previous ended in timeout — hazard slab now in BOTTOM corridor
[look] episode 2383: previous ended in timeout — hazard slab now in BOTTOM corridor
[look] episode 2384: previous ended in timeout — hazard slab now in BOTTOM corridor
[look] episode 2385: previous ended in timeout — hazard slab now in BOTTOM corridor
[look] episode 2386: previous ended in timeout — hazard slab now in BOTTOM corridor
[look] episode 2387: previous ended in timeout — hazard slab now in TOP corridor
[look] episode 2388: previous ended in timeout — hazard slab now in TOP corridor
[look] episode 2389: previous ended in timeout — hazard slab now in BOTTOM corridor
[look] episode 2390: previous ended in timeout — hazard slab now in TOP corridor
[look] episode 2391: previous ended in timeout — hazard slab now in BOTTOM corridor
[look] episode 2392: previous ended in timeout — hazard slab now in BOTTOM corridor
[look] episode 2393: previous ended in timeout — hazard slab now in BOTTOM corridor
[look] episode 2394: previous ended in timeout — hazard slab now in BOTTOM corridor
[look] episode 2395: previous ended in timeout — hazard slab now in TOP corridor
[look] episode 2396: previous ended in timeout — hazard slab now in BOTTOM corridor
[look] episode 2397: previous ended in timeout — hazard slab now in BOTTOM corridor
[look] episode 2398: previous ended in timeout — hazard slab now in BOTTOM corridor
[look] episode 2399: previous ended in timeout — hazard slab now in BOTTOM corridor
[look] episode 2400: previous ended in timeout — hazard slab now in BOTTOM corridor
[look] episode 2401: previous ended in timeout — hazard slab now in TOP corridor
[look] episode 2402: previous ended in timeout — hazard slab now in TOP corridor
[look] episode 2403: previous ended in timeout — hazard slab now in TOP corridor
[look] episode 2404: previous ended in timeout — hazard slab now in BOTTOM corridor
[look] episode 2405: previous ended in timeout — hazard slab now in BOTTOM corridor
[look] episode 2406: previous ended in timeout — hazard slab now in TOP corridor
[look] episode 2407: previous ended in timeout — hazard slab now in TOP corridor
[look] episode 2408: previous ended in timeout — hazard slab now in TOP corridor
[look] episode 2409: previous ended in timeout — hazard slab now in BOTTOM corridor
[look] episode 2410: previous ended in timeout — hazard slab now in TOP corridor
[look] episode 2411: previous ended in timeout — hazard slab now in BOTTOM corridor
[look] episode 2412: previous ended in timeout — hazard slab now in TOP corridor
[look] episode 2413: previous ended in timeout — hazard slab now in BOTTOM corridor
[look] episode 2414: previous ended in timeout — hazard slab now in TOP corridor
[look] episode 2415: previous ended in timeout — hazard slab now in BOTTOM corridor
[look] episode 2416: previous ended in timeout — hazard slab now in TOP corridor
[look] episode 2417: previous ended in timeout — hazard slab now in TOP corridor
[look] episode 2418: previous ended in timeout — hazard slab now in BOTTOM corridor
[look] episode 2419: previous ended in timeout — hazard slab now in BOTTOM corridor
[look] episode 2420: previous ended in timeout — hazard slab now in TOP corridor
[look] episode 2421: previous ended in timeout — hazard slab now in BOTTOM corridor
[look] episode 2422: previous ended in timeout — hazard slab now in BOTTOM corridor
[look] episode 2423: previous ended in timeout — hazard slab now in BOTTOM corridor
[look] episode 2424: previous ended in timeout — hazard slab now in BOTTOM corridor
[look] episode 2425: previous ended in timeout — hazard slab now in TOP corridor
[look] episode 2426: previous ended in timeout — hazard slab now in BOTTOM corridor
[look] episode 2427: previous ended in timeout — hazard slab now in TOP corridor
[look] episode 2428: previous ended in timeout — hazard slab now in TOP corridor
[look] episode 2429: previous ended in timeout — hazard slab now in TOP corridor
[look] episode 2430: previous ended in timeout — hazard slab now in BOTTOM corridor
[look] episode 2431: previous ended in timeout — hazard slab now in BOTTOM corridor
[look] episode 2432: previous ended in timeout — hazard slab now in BOTTOM corridor
[look] episode 2433: previous ended in timeout — hazard slab now in TOP corridor
[look] episode 2434: previous ended in timeout — hazard slab now in BOTTOM corridor
[look] episode 2435: previous ended in timeout — hazard slab now in TOP corridor
[look] episode 2436: previous ended in timeout — hazard slab now in BOTTOM corridor
[look] episode 2437: previous ended in timeout — hazard slab now in BOTTOM corridor
[look] episode 2438: previous ended in timeout — hazard slab now in TOP corridor
[look] episode 2439: previous ended in timeout — hazard slab now in BOTTOM corridor
[look] episode 2440: previous ended in timeout — hazard slab now in BOTTOM corridor
[look] episode 2441: previous ended in timeout — hazard slab now in BOTTOM corridor
[look] episode 2442: previous ended in timeout — hazard slab now in BOTTOM corridor
[look] episode 2443: previous ended in timeout — hazard slab now in BOTTOM corridor
[look] episode 2444: previous ended in timeout — hazard slab now in BOTTOM corridor
[look] episode 2445: previous ended in timeout — hazard slab now in TOP corridor
[look] episode 2446: previous ended in timeout — hazard slab now in TOP corridor
[look] episode 2447: previous ended in timeout — hazard slab now in BOTTOM corridor
[look] episode 2448: previous ended in timeout — hazard slab now in TOP corridor
[look] episode 2449: previous ended in timeout — hazard slab now in TOP corridor
[look] episode 2450: previous ended in timeout — hazard slab now in BOTTOM corridor
[look] episode 2451: previous ended in timeout — hazard slab now in TOP corridor
[look] episode 2452: previous ended in timeout — hazard slab now in BOTTOM corridor
[look] episode 2453: previous ended in timeout — hazard slab now in TOP corridor
[look] episode 2454: previous ended in timeout — hazard slab now in BOTTOM corridor
[look] episode 2455: previous ended in timeout — hazard slab now in TOP corridor
[look] episode 2456: previous ended in timeout — hazard slab now in BOTTOM corridor
[look] episode 2457: previous ended in timeout — hazard slab now in TOP corridor
[look] episode 2458: previous ended in timeout — hazard slab now in BOTTOM corridor
[look] episode 2459: previous ended in timeout — hazard slab now in BOTTOM corridor
[look] episode 2460: previous ended in timeout — hazard slab now in BOTTOM corridor
[look] episode 2461: previous ended in timeout — hazard slab now in BOTTOM corridor
[look] episode 2462: previous ended in timeout — hazard slab now in BOTTOM corridor
[look] episode 2463: previous ended in timeout — hazard slab now in TOP corridor
[look] episode 2464: previous ended in timeout — hazard slab now in TOP corridor
[look] episode 2465: previous ended in timeout — hazard slab now in TOP corridor
[look] episode 2466: previous ended in timeout — hazard slab now in BOTTOM corridor
[look] episode 2467: previous ended in timeout — hazard slab now in TOP corridor
[look] episode 2468: previous ended in timeout — hazard slab now in TOP corridor
[look] episode 2469: previous ended in timeout — hazard slab now in BOTTOM corridor
[look] episode 2470: previous ended in timeout — hazard slab now in TOP corridor
[look] episode 2471: previous ended in timeout — hazard slab now in TOP corridor
[look] episode 2472: previous ended in timeout — hazard slab now in BOTTOM corridor
[look] episode 2473: previous ended in timeout — hazard slab now in BOTTOM corridor
[look] episode 2474: previous ended in timeout — hazard slab now in TOP corridor
[look] episode 2475: previous ended in timeout — hazard slab now in BOTTOM corridor
[look] episode 2476: previous ended in timeout — hazard slab now in TOP corridor
[look] episode 2477: previous ended in timeout — hazard slab now in TOP corridor
[look] episode 2478: previous ended in timeout — hazard slab now in BOTTOM corridor
[look] episode 2479: previous ended in timeout — hazard slab now in TOP corridor
[look] episode 2480: previous ended in timeout — hazard slab now in BOTTOM corridor
[look] episode 2481: previous ended in timeout — hazard slab now in BOTTOM corridor
[look] episode 2482: previous ended in timeout — hazard slab now in BOTTOM corridor
[look] episode 2483: previous ended in timeout — hazard slab now in TOP corridor
[look] episode 2484: previous ended in timeout — hazard slab now in TOP corridor
[look] episode 2485: previous ended in timeout — hazard slab now in BOTTOM corridor
[look] episode 2486: previous ended in timeout — hazard slab now in BOTTOM corridor
[look] episode 2487: previous ended in timeout — hazard slab now in TOP corridor
[look] episode 2488: previous ended in timeout — hazard slab now in TOP corridor
[look] episode 2489: previous ended in timeout — hazard slab now in TOP corridor
[look] episode 2490: previous ended in timeout — hazard slab now in BOTTOM corridor
[look] episode 2491: previous ended in timeout — hazard slab now in BOTTOM corridor
[look] episode 2492: previous ended in timeout — hazard slab now in BOTTOM corridor
[look] episode 2493: previous ended in timeout — hazard slab now in BOTTOM corridor
[look] episode 2494: previous ended in timeout — hazard slab now in BOTTOM corridor
[look] episode 2495: previous ended in timeout — hazard slab now in BOTTOM corridor
[look] episode 2496: previous ended in timeout — hazard slab now in TOP corridor
[look] episode 2497: previous ended in timeout — hazard slab now in TOP corridor
[look] episode 2498: previous ended in timeout — hazard slab now in TOP corridor
[look] episode 2499: previous ended in timeout — hazard slab now in BOTTOM corridor
[look] episode 2500: previous ended in timeout — hazard slab now in TOP corridor
[look] episode 2501: previous ended in timeout — hazard slab now in TOP corridor
[look] episode 2502: previous ended in timeout — hazard slab now in TOP corridor
[look] episode 2503: previous ended in timeout — hazard slab now in TOP corridor
[look] episode 2504: previous ended in timeout — hazard slab now in BOTTOM corridor
[look] episode 2505: previous ended in timeout — hazard slab now in TOP corridor
[look] episode 2506: previous ended in timeout — hazard slab now in BOTTOM corridor
[look] episode 2507: previous ended in timeout — hazard slab now in TOP corridor
[look] episode 2508: previous ended in timeout — hazard slab now in TOP corridor
[look] episode 2509: previous ended in timeout — hazard slab now in TOP corridor
[look] episode 2510: previous ended in timeout — hazard slab now in TOP corridor
[look] episode 2511: previous ended in timeout — hazard slab now in BOTTOM corridor
[look] episode 2512: previous ended in timeout — hazard slab now in BOTTOM corridor
[look] episode 2513: previous ended in timeout — hazard slab now in TOP corridor
[look] episode 2514: previous ended in timeout — hazard slab now in TOP corridor
[look] episode 2515: previous ended in timeout — hazard slab now in TOP corridor
[look] episode 2516: previous ended in timeout — hazard slab now in TOP corridor
[look] episode 2517: previous ended in timeout — hazard slab now in TOP corridor
[look] episode 2518: previous ended in timeout — hazard slab now in TOP corridor
[look] episode 2519: previous ended in timeout — hazard slab now in TOP corridor
[look] episode 2520: previous ended in timeout — hazard slab now in BOTTOM corridor
[look] episode 2521: previous ended in timeout — hazard slab now in BOTTOM corridor
[look] episode 2522: previous ended in timeout — hazard slab now in BOTTOM corridor
[look] episode 2523: previous ended in timeout — hazard slab now in TOP corridor
[look] episode 2524: previous ended in timeout — hazard slab now in BOTTOM corridor
[look] episode 2525: previous ended in timeout — hazard slab now in TOP corridor
[look] episode 2526: previous ended in timeout — hazard slab now in BOTTOM corridor
[look] episode 2527: previous ended in timeout — hazard slab now in TOP corridor
[look] episode 2528: previous ended in timeout — hazard slab now in BOTTOM corridor
[look] episode 2529: previous ended in timeout — hazard slab now in TOP corridor
[look] episode 2530: previous ended in timeout — hazard slab now in TOP corridor
[look] episode 2531: previous ended in timeout — hazard slab now in BOTTOM corridor
[look] episode 2532: previous ended in timeout — hazard slab now in BOTTOM corridor
[look] episode 2533: previous ended in timeout — hazard slab now in BOTTOM corridor
[look] episode 2534: previous ended in timeout — hazard slab now in TOP corridor
[look] episode 2535: previous ended in timeout — hazard slab now in TOP corridor
[look] episode 2536: previous ended in timeout — hazard slab now in TOP corridor
[look] episode 2537: previous ended in timeout — hazard slab now in BOTTOM corridor
[look] episode 2538: previous ended in timeout — hazard slab now in TOP corridor
[look] episode 2539: previous ended in timeout — hazard slab now in TOP corridor
[look] episode 2540: previous ended in timeout — hazard slab now in BOTTOM corridor
[look] episode 2541: previous ended in timeout — hazard slab now in BOTTOM corridor
[look] episode 2542: previous e